family,variable,forced_value,status,fleet_size,chained,objective,min_fleet_reachable,objective_reachable,solved
chaining,"(296000081, 200090709)",0,Optimal,36,96,96,False,False,True
chaining,"(296000081, 200090709)",1,Optimal,35,97,97,True,True,False
chaining,"(296000081, 294100713)",0,Optimal,35,97,97,True,True,False
chaining,"(296000081, 294100713)",1,Optimal,36,96,96,False,False,True
chaining,"(295900043, 296000081)",0,Optimal,35,97,97,True,True,False
chaining,"(295900043, 296000081)",1,Optimal,35,97,97,True,True,True
chaining,"(295900043, 296000105)",0,Optimal,35,97,97,True,True,False
chaining,"(295900043, 296000105)",1,Optimal,35,97,97,True,True,True
chaining,"(295900043, 200090702)",0,Optimal,35,97,97,True,True,False
chaining,"(295900043, 200090702)",1,Optimal,35,97,97,True,True,True
chaining,"(295900043, 296000091)",0,Optimal,35,97,97,True,True,False
chaining,"(295900043, 296000091)",1,Optimal,35,97,97,True,True,True
chaining,"(295900043, 296000097)",0,Optimal,35,97,97,True,True,False
chaining,"(295900043, 296000097)",1,Optimal,35,97,97,True,True,True
chaining,"(295900043, 296000100)",0,Optimal,35,97,97,True,True,False
chaining,"(295900043, 296000100)",1,Optimal,35,97,97,True,True,True
chaining,"(295900043, 294400173)",0,Optimal,35,97,97,True,True,False
chaining,"(295900043, 294400173)",1,Optimal,35,97,97,True,True,True
chaining,"(295900043, 200000229)",0,Optimal,35,97,97,True,True,False
chaining,"(295900043, 200000229)",1,Optimal,35,97,97,True,True,True
chaining,"(295900043, 294400182)",0,Optimal,35,97,97,True,True,False
chaining,"(295900043, 294400182)",1,Optimal,35,97,97,True,True,True
chaining,"(295900043, 294300211)",0,Optimal,35,97,97,True,True,False
chaining,"(295900043, 294300211)",1,Optimal,35,97,97,True,True,True
chaining,"(295900043, 294300215)",0,Optimal,35,97,97,True,True,False
chaining,"(295900043, 294300215)",1,Optimal,35,97,97,True,True,True
chaining,"(295900043, 294300217)",0,Optimal,35,97,97,True,True,False
chaining,"(295900043, 294300217)",1,Optimal,35,97,97,True,True,True
chaining,"(295900043, 200090219)",0,Optimal,35,97,97,True,True,False
chaining,"(295900043, 200090219)",1,Optimal,35,97,97,True,True,True
chaining,"(295900043, 200000221)",0,Optimal,35,97,97,True,True,False
chaining,"(295900043, 200000221)",1,Optimal,35,97,97,True,True,True
chaining,"(295900043, 294400189)",0,Optimal,35,97,97,True,True,False
chaining,"(295900043, 294400189)",1,Optimal,35,97,97,True,True,True
chaining,"(295900043, 200090225)",0,Optimal,35,97,97,True,True,False
chaining,"(295900043, 200090225)",1,Optimal,35,97,97,True,True,True
chaining,"(295900043, 200000026)",0,Optimal,35,97,97,True,True,False
chaining,"(295900043, 200000026)",1,Optimal,36,96,96,False,False,True
chaining,"(295900043, 296200626)",0,Optimal,35,97,97,True,True,False
chaining,"(295900043, 296200626)",1,Optimal,35,97,97,True,True,True
chaining,"(295900043, 296200624)",0,Optimal,35,97,97,True,True,False
chaining,"(295900043, 296200624)",1,Optimal,35,97,97,True,True,True
chaining,"(295900043, 296200099)",0,Optimal,35,97,97,True,True,False
chaining,"(295900043, 296200099)",1,Optimal,35,97,97,True,True,True
chaining,"(295900043, 296200096)",0,Optimal,35,97,97,True,True,False
chaining,"(295900043, 296200096)",1,Optimal,35,97,97,True,True,True
chaining,"(295900043, 296200093)",0,Optimal,35,97,97,True,True,False
chaining,"(295900043, 296200093)",1,Optimal,35,97,97,True,True,True
chaining,"(295900043, 296200088)",0,Optimal,35,97,97,True,True,False
chaining,"(295900043, 296200088)",1,Optimal,35,97,97,True,True,True
chaining,"(295900043, 200090682)",0,Optimal,35,97,97,True,True,False
chaining,"(295900043, 200090682)",1,Optimal,35,97,97,True,True,True
chaining,"(295900043, 296200102)",0,Optimal,35,97,97,True,True,False
chaining,"(295900043, 296200102)",1,Optimal,35,97,97,True,True,True
chaining,"(295900043, 296200101)",0,Optimal,35,97,97,True,True,True
chaining,"(295900043, 296200101)",1,Optimal,35,97,97,True,True,False
chaining,"(295900043, 200090402)",0,Optimal,35,97,97,True,True,False
chaining,"(295900043, 200090402)",1,Optimal,35,97,97,True,True,True
chaining,"(295900043, 295800465)",0,Optimal,35,97,97,True,True,False
chaining,"(295900043, 295800465)",1,Optimal,35,97,97,True,True,True
chaining,"(295900043, 200090404)",0,Optimal,35,97,97,True,True,False
chaining,"(295900043, 200090404)",1,Optimal,35,97,97,True,True,True
chaining,"(295900043, 295800463)",0,Optimal,35,97,97,True,True,False
chaining,"(295900043, 295800463)",1,Optimal,35,97,97,True,True,True
chaining,"(295900043, 295800464)",0,Optimal,35,97,97,True,True,False
chaining,"(295900043, 295800464)",1,Optimal,35,97,97,True,True,True
chaining,"(295900043, 295200225)",0,Optimal,35,97,97,True,True,False
chaining,"(295900043, 295200225)",1,Optimal,35,97,97,True,True,True
chaining,"(295900043, 200090308)",0,Optimal,35,97,97,True,True,False
chaining,"(295900043, 200090308)",1,Optimal,35,97,97,True,True,True
chaining,"(295900043, 295200233)",0,Optimal,35,97,97,True,True,False
chaining,"(295900043, 295200233)",1,Optimal,35,97,97,True,True,True
chaining,"(295900043, 294100316)",0,Optimal,35,97,97,True,True,False
chaining,"(295900043, 294100316)",1,Optimal,35,97,97,True,True,True
chaining,"(295900043, 295200241)",0,Optimal,35,97,97,True,True,False
chaining,"(295900043, 295200241)",1,Optimal,35,97,97,True,True,True
chaining,"(295900043, 295201004)",0,Optimal,35,97,97,True,True,False
chaining,"(295900043, 295201004)",1,Optimal,35,97,97,True,True,True
chaining,"(295900043, 294100328)",0,Optimal,35,97,97,True,True,False
chaining,"(295900043, 294100328)",1,Optimal,35,97,97,True,True,True
chaining,"(295900043, 295200253)",0,Optimal,35,97,97,True,True,False
chaining,"(295900043, 295200253)",1,Optimal,35,97,97,True,True,True
chaining,"(295900043, 200000336)",0,Optimal,35,97,97,True,True,False
chaining,"(295900043, 200000336)",1,Optimal,35,97,97,True,True,True
chaining,"(295900043, 200090340)",0,Optimal,35,97,97,True,True,False
chaining,"(295900043, 200090340)",1,Optimal,35,97,97,True,True,True
chaining,"(295900043, 200000382)",0,Optimal,35,97,97,True,True,False
chaining,"(295900043, 200000382)",1,Optimal,35,97,97,True,True,True
chaining,"(295900043, 294100344)",0,Optimal,35,97,97,True,True,False
chaining,"(295900043, 294100344)",1,Optimal,35,97,97,True,True,True
chaining,"(295900043, 294100348)",0,Optimal,35,97,97,True,True,False
chaining,"(295900043, 294100348)",1,Optimal,35,97,97,True,True,True
chaining,"(295900043, 294100352)",0,Optimal,35,97,97,True,True,False
chaining,"(295900043, 294100352)",1,Optimal,36,96,96,False,False,True
chaining,"(295900043, 295200235)",0,Optimal,35,97,97,True,True,False
chaining,"(295900043, 295200235)",1,Optimal,36,96,96,False,False,True
chaining,"(295900043, 294200141)",0,Optimal,35,97,97,True,True,False
chaining,"(295900043, 294200141)",1,Optimal,35,97,97,True,True,True
chaining,"(295900043, 294200138)",0,Optimal,35,97,97,True,True,False
chaining,"(295900043, 294200138)",1,Optimal,35,97,97,True,True,True
chaining,"(295900043, 294200175)",0,Optimal,35,97,97,True,True,False
chaining,"(295900043, 294200175)",1,Optimal,35,97,97,True,True,True
chaining,"(295900043, 200090123)",0,Optimal,35,97,97,True,True,False
chaining,"(295900043, 200090123)",1,Optimal,35,97,97,True,True,True
chaining,"(295900043, 200000121)",0,Optimal,35,97,97,True,True,False
chaining,"(295900043, 200000121)",1,Optimal,35,97,97,True,True,True
chaining,"(295900043, 294200147)",0,Optimal,35,97,97,True,True,False
chaining,"(295900043, 294200147)",1,Optimal,35,97,97,True,True,True
chaining,"(295900043, 294200133)",0,Optimal,35,97,97,True,True,False
chaining,"(295900043, 294200133)",1,Optimal,35,97,97,True,True,True
chaining,"(295900046, 296000105)",0,Optimal,35,97,97,True,True,False
chaining,"(295900046, 296000105)",1,Optimal,35,97,97,True,True,True
chaining,"(295900046, 200090702)",0,Optimal,35,97,97,True,True,False
chaining,"(295900046, 200090702)",1,Optimal,35,97,97,True,True,True
chaining,"(295900046, 296000091)",0,Optimal,35,97,97,True,True,False
chaining,"(295900046, 296000091)",1,Optimal,35,97,97,True,True,True
chaining,"(295900046, 296000097)",0,Optimal,35,97,97,True,True,False
chaining,"(295900046, 296000097)",1,Optimal,35,97,97,True,True,True
chaining,"(295900046, 296000100)",0,Optimal,35,97,97,True,True,False
chaining,"(295900046, 296000100)",1,Optimal,35,97,97,True,True,True
chaining,"(295900046, 200000229)",0,Optimal,35,97,97,True,True,False
chaining,"(295900046, 200000229)",1,Optimal,35,97,97,True,True,True
chaining,"(295900046, 294400182)",0,Optimal,35,97,97,True,True,False
chaining,"(295900046, 294400182)",1,Optimal,35,97,97,True,True,True
chaining,"(295900046, 294300211)",0,Optimal,35,97,97,True,True,False
chaining,"(295900046, 294300211)",1,Optimal,35,97,97,True,True,True
chaining,"(295900046, 294300215)",0,Optimal,35,97,97,True,True,False
chaining,"(295900046, 294300215)",1,Optimal,35,97,97,True,True,True
chaining,"(295900046, 294300217)",0,Optimal,35,97,97,True,True,False
chaining,"(295900046, 294300217)",1,Optimal,35,97,97,True,True,True
chaining,"(295900046, 200090219)",0,Optimal,35,97,97,True,True,False
chaining,"(295900046, 200090219)",1,Optimal,35,97,97,True,True,True
chaining,"(295900046, 200000221)",0,Optimal,35,97,97,True,True,False
chaining,"(295900046, 200000221)",1,Optimal,35,97,97,True,True,True
chaining,"(295900046, 294400189)",0,Optimal,35,97,97,True,True,False
chaining,"(295900046, 294400189)",1,Optimal,35,97,97,True,True,True
chaining,"(295900046, 200090225)",0,Optimal,35,97,97,True,True,False
chaining,"(295900046, 200090225)",1,Optimal,35,97,97,True,True,True
chaining,"(295900046, 200000026)",0,Optimal,35,97,97,True,True,False
chaining,"(295900046, 200000026)",1,Optimal,36,96,96,False,False,True
chaining,"(295900046, 296200626)",0,Optimal,35,97,97,True,True,False
chaining,"(295900046, 296200626)",1,Optimal,35,97,97,True,True,True
chaining,"(295900046, 296200624)",0,Optimal,35,97,97,True,True,False
chaining,"(295900046, 296200624)",1,Optimal,35,97,97,True,True,True
chaining,"(295900046, 296200099)",0,Optimal,35,97,97,True,True,False
chaining,"(295900046, 296200099)",1,Optimal,35,97,97,True,True,True
chaining,"(295900046, 296200096)",0,Optimal,35,97,97,True,True,False
chaining,"(295900046, 296200096)",1,Optimal,35,97,97,True,True,True
chaining,"(295900046, 296200093)",0,Optimal,35,97,97,True,True,False
chaining,"(295900046, 296200093)",1,Optimal,35,97,97,True,True,True
chaining,"(295900046, 296200088)",0,Optimal,35,97,97,True,True,False
chaining,"(295900046, 296200088)",1,Optimal,35,97,97,True,True,True
chaining,"(295900046, 200090682)",0,Optimal,35,97,97,True,True,False
chaining,"(295900046, 200090682)",1,Optimal,35,97,97,True,True,True
chaining,"(295900046, 296200102)",0,Optimal,35,97,97,True,True,False
chaining,"(295900046, 296200102)",1,Optimal,35,97,97,True,True,True
chaining,"(295900046, 200090402)",0,Optimal,35,97,97,True,True,False
chaining,"(295900046, 200090402)",1,Optimal,35,97,97,True,True,True
chaining,"(295900046, 295800465)",0,Optimal,35,97,97,True,True,False
chaining,"(295900046, 295800465)",1,Optimal,35,97,97,True,True,True
chaining,"(295900046, 200090404)",0,Optimal,35,97,97,True,True,False
chaining,"(295900046, 200090404)",1,Optimal,35,97,97,True,True,True
chaining,"(295900046, 295800463)",0,Optimal,35,97,97,True,True,False
chaining,"(295900046, 295800463)",1,Optimal,35,97,97,True,True,True
chaining,"(295900046, 295800464)",0,Optimal,35,97,97,True,True,False
chaining,"(295900046, 295800464)",1,Optimal,35,97,97,True,True,True
chaining,"(295900046, 200090308)",0,Optimal,35,97,97,True,True,False
chaining,"(295900046, 200090308)",1,Optimal,35,97,97,True,True,True
chaining,"(295900046, 295200233)",0,Optimal,35,97,97,True,True,False
chaining,"(295900046, 295200233)",1,Optimal,35,97,97,True,True,True
chaining,"(295900046, 294100316)",0,Optimal,35,97,97,True,True,False
chaining,"(295900046, 294100316)",1,Optimal,35,97,97,True,True,True
chaining,"(295900046, 295200241)",0,Optimal,35,97,97,True,True,False
chaining,"(295900046, 295200241)",1,Optimal,35,97,97,True,True,True
chaining,"(295900046, 295201004)",0,Optimal,35,97,97,True,True,False
chaining,"(295900046, 295201004)",1,Optimal,35,97,97,True,True,True
chaining,"(295900046, 294100328)",0,Optimal,35,97,97,True,True,False
chaining,"(295900046, 294100328)",1,Optimal,35,97,97,True,True,True
chaining,"(295900046, 295200253)",0,Optimal,35,97,97,True,True,False
chaining,"(295900046, 295200253)",1,Optimal,35,97,97,True,True,True
chaining,"(295900046, 200000336)",0,Optimal,35,97,97,True,True,False
chaining,"(295900046, 200000336)",1,Optimal,35,97,97,True,True,True
chaining,"(295900046, 200090340)",0,Optimal,35,97,97,True,True,False
chaining,"(295900046, 200090340)",1,Optimal,35,97,97,True,True,True
chaining,"(295900046, 200000382)",0,Optimal,35,97,97,True,True,False
chaining,"(295900046, 200000382)",1,Optimal,35,97,97,True,True,True
chaining,"(295900046, 294100344)",0,Optimal,35,97,97,True,True,False
chaining,"(295900046, 294100344)",1,Optimal,35,97,97,True,True,True
chaining,"(295900046, 294100348)",0,Optimal,35,97,97,True,True,False
chaining,"(295900046, 294100348)",1,Optimal,35,97,97,True,True,True
chaining,"(295900046, 294100352)",0,Optimal,35,97,97,True,True,False
chaining,"(295900046, 294100352)",1,Optimal,36,96,96,False,False,True
chaining,"(295900046, 295200235)",0,Optimal,35,97,97,True,True,False
chaining,"(295900046, 295200235)",1,Optimal,36,96,96,False,False,True
chaining,"(295900046, 294200141)",0,Optimal,35,97,97,True,True,False
chaining,"(295900046, 294200141)",1,Optimal,35,97,97,True,True,True
chaining,"(295900046, 294200138)",0,Optimal,35,97,97,True,True,False
chaining,"(295900046, 294200138)",1,Optimal,35,97,97,True,True,True
chaining,"(295900046, 294200175)",0,Optimal,35,97,97,True,True,False
chaining,"(295900046, 294200175)",1,Optimal,35,97,97,True,True,True
chaining,"(295900046, 200090123)",0,Optimal,35,97,97,True,True,False
chaining,"(295900046, 200090123)",1,Optimal,35,97,97,True,True,True
chaining,"(295900046, 200000121)",0,Optimal,35,97,97,True,True,True
chaining,"(295900046, 200000121)",1,Optimal,35,97,97,True,True,False
chaining,"(295900046, 294200147)",0,Optimal,35,97,97,True,True,False
chaining,"(295900046, 294200147)",1,Optimal,35,97,97,True,True,True
chaining,"(295900046, 294200133)",0,Optimal,35,97,97,True,True,False
chaining,"(295900046, 294200133)",1,Optimal,35,97,97,True,True,True
chaining,"(295900055, 296000105)",0,Optimal,35,97,97,True,True,False
chaining,"(295900055, 296000105)",1,Optimal,35,97,97,True,True,True
chaining,"(295900055, 200090702)",0,Optimal,35,97,97,True,True,False
chaining,"(295900055, 200090702)",1,Optimal,35,97,97,True,True,True
chaining,"(295900055, 296000091)",0,Optimal,35,97,97,True,True,False
chaining,"(295900055, 296000091)",1,Optimal,35,97,97,True,True,True
chaining,"(295900055, 296000097)",0,Optimal,35,97,97,True,True,False
chaining,"(295900055, 296000097)",1,Optimal,35,97,97,True,True,True
chaining,"(295900055, 296000100)",0,Optimal,35,97,97,True,True,False
chaining,"(295900055, 296000100)",1,Optimal,35,97,97,True,True,True
chaining,"(295900055, 200000229)",0,Optimal,35,97,97,True,True,False
chaining,"(295900055, 200000229)",1,Optimal,35,97,97,True,True,True
chaining,"(295900055, 294400182)",0,Optimal,35,97,97,True,True,False
chaining,"(295900055, 294400182)",1,Optimal,35,97,97,True,True,True
chaining,"(295900055, 294300211)",0,Optimal,35,97,97,True,True,False
chaining,"(295900055, 294300211)",1,Optimal,35,97,97,True,True,True
chaining,"(295900055, 294300215)",0,Optimal,35,97,97,True,True,False
chaining,"(295900055, 294300215)",1,Optimal,35,97,97,True,True,True
chaining,"(295900055, 294300217)",0,Optimal,35,97,97,True,True,False
chaining,"(295900055, 294300217)",1,Optimal,35,97,97,True,True,True
chaining,"(295900055, 200090219)",0,Optimal,35,97,97,True,True,False
chaining,"(295900055, 200090219)",1,Optimal,35,97,97,True,True,True
chaining,"(295900055, 200000221)",0,Optimal,35,97,97,True,True,False
chaining,"(295900055, 200000221)",1,Optimal,35,97,97,True,True,True
chaining,"(295900055, 294400189)",0,Optimal,35,97,97,True,True,False
chaining,"(295900055, 294400189)",1,Optimal,35,97,97,True,True,True
chaining,"(295900055, 200090225)",0,Optimal,35,97,97,True,True,False
chaining,"(295900055, 200090225)",1,Optimal,35,97,97,True,True,True
chaining,"(295900055, 200000026)",0,Optimal,35,97,97,True,True,False
chaining,"(295900055, 200000026)",1,Optimal,36,96,96,False,False,True
chaining,"(295900055, 296200626)",0,Optimal,35,97,97,True,True,False
chaining,"(295900055, 296200626)",1,Optimal,35,97,97,True,True,True
chaining,"(295900055, 296200624)",0,Optimal,35,97,97,True,True,False
chaining,"(295900055, 296200624)",1,Optimal,35,97,97,True,True,True
chaining,"(295900055, 296200099)",0,Optimal,35,97,97,True,True,False
chaining,"(295900055, 296200099)",1,Optimal,35,97,97,True,True,True
chaining,"(295900055, 296200096)",0,Optimal,35,97,97,True,True,False
chaining,"(295900055, 296200096)",1,Optimal,35,97,97,True,True,True
chaining,"(295900055, 296200093)",0,Optimal,35,97,97,True,True,True
chaining,"(295900055, 296200093)",1,Optimal,35,97,97,True,True,False
chaining,"(295900055, 296200088)",0,Optimal,35,97,97,True,True,False
chaining,"(295900055, 296200088)",1,Optimal,35,97,97,True,True,True
chaining,"(295900055, 200090682)",0,Optimal,35,97,97,True,True,False
chaining,"(295900055, 200090682)",1,Optimal,35,97,97,True,True,True
chaining,"(295900055, 200090402)",0,Optimal,35,97,97,True,True,False
chaining,"(295900055, 200090402)",1,Optimal,35,97,97,True,True,True
chaining,"(295900055, 295800465)",0,Optimal,35,97,97,True,True,False
chaining,"(295900055, 295800465)",1,Optimal,35,97,97,True,True,True
chaining,"(295900055, 200090404)",0,Optimal,35,97,97,True,True,False
chaining,"(295900055, 200090404)",1,Optimal,35,97,97,True,True,True
chaining,"(295900055, 295800463)",0,Optimal,35,97,97,True,True,False
chaining,"(295900055, 295800463)",1,Optimal,35,97,97,True,True,True
chaining,"(295900055, 295800464)",0,Optimal,35,97,97,True,True,False
chaining,"(295900055, 295800464)",1,Optimal,35,97,97,True,True,True
chaining,"(295900055, 295200233)",0,Optimal,35,97,97,True,True,False
chaining,"(295900055, 295200233)",1,Optimal,35,97,97,True,True,True
chaining,"(295900055, 294100316)",0,Optimal,35,97,97,True,True,False
chaining,"(295900055, 294100316)",1,Optimal,35,97,97,True,True,True
chaining,"(295900055, 295200241)",0,Optimal,35,97,97,True,True,False
chaining,"(295900055, 295200241)",1,Optimal,35,97,97,True,True,True
chaining,"(295900055, 295201004)",0,Optimal,35,97,97,True,True,False
chaining,"(295900055, 295201004)",1,Optimal,35,97,97,True,True,True
chaining,"(295900055, 294100328)",0,Optimal,35,97,97,True,True,False
chaining,"(295900055, 294100328)",1,Optimal,35,97,97,True,True,True
chaining,"(295900055, 295200253)",0,Optimal,35,97,97,True,True,False
chaining,"(295900055, 295200253)",1,Optimal,35,97,97,True,True,True
chaining,"(295900055, 200000336)",0,Optimal,35,97,97,True,True,False
chaining,"(295900055, 200000336)",1,Optimal,35,97,97,True,True,True
chaining,"(295900055, 200090340)",0,Optimal,35,97,97,True,True,False
chaining,"(295900055, 200090340)",1,Optimal,35,97,97,True,True,True
chaining,"(295900055, 200000382)",0,Optimal,35,97,97,True,True,False
chaining,"(295900055, 200000382)",1,Optimal,35,97,97,True,True,True
chaining,"(295900055, 294100344)",0,Optimal,35,97,97,True,True,False
chaining,"(295900055, 294100344)",1,Optimal,35,97,97,True,True,True
chaining,"(295900055, 294100348)",0,Optimal,35,97,97,True,True,False
chaining,"(295900055, 294100348)",1,Optimal,35,97,97,True,True,True
chaining,"(295900055, 294100352)",0,Optimal,35,97,97,True,True,False
chaining,"(295900055, 294100352)",1,Optimal,36,96,96,False,False,True
chaining,"(295900055, 295200235)",0,Optimal,35,97,97,True,True,False
chaining,"(295900055, 295200235)",1,Optimal,36,96,96,False,False,True
chaining,"(295900055, 294200141)",0,Optimal,35,97,97,True,True,False
chaining,"(295900055, 294200141)",1,Optimal,35,97,97,True,True,True
chaining,"(295900055, 294200138)",0,Optimal,35,97,97,True,True,False
chaining,"(295900055, 294200138)",1,Optimal,35,97,97,True,True,True
chaining,"(295900055, 294200175)",0,Optimal,35,97,97,True,True,False
chaining,"(295900055, 294200175)",1,Optimal,35,97,97,True,True,True
chaining,"(295900055, 200090123)",0,Optimal,35,97,97,True,True,False
chaining,"(295900055, 200090123)",1,Optimal,35,97,97,True,True,True
chaining,"(295900055, 200000121)",0,Optimal,35,97,97,True,True,False
chaining,"(295900055, 200000121)",1,Optimal,35,97,97,True,True,True
chaining,"(295900055, 294200147)",0,Optimal,35,97,97,True,True,False
chaining,"(295900055, 294200147)",1,Optimal,35,97,97,True,True,True
chaining,"(295900061, 296000105)",0,Optimal,35,97,97,True,True,False
chaining,"(295900061, 296000105)",1,Optimal,35,97,97,True,True,True
chaining,"(295900061, 200090702)",0,Optimal,35,97,97,True,True,False
chaining,"(295900061, 200090702)",1,Optimal,35,97,97,True,True,True
chaining,"(295900061, 296000091)",0,Optimal,35,97,97,True,True,False
chaining,"(295900061, 296000091)",1,Optimal,35,97,97,True,True,True
chaining,"(295900061, 296000097)",0,Optimal,35,97,97,True,True,False
chaining,"(295900061, 296000097)",1,Optimal,35,97,97,True,True,True
chaining,"(295900061, 294400182)",0,Optimal,35,97,97,True,True,False
chaining,"(295900061, 294400182)",1,Optimal,35,97,97,True,True,True
chaining,"(295900061, 294300211)",0,Optimal,35,97,97,True,True,False
chaining,"(295900061, 294300211)",1,Optimal,35,97,97,True,True,True
chaining,"(295900061, 294300215)",0,Optimal,35,97,97,True,True,False
chaining,"(295900061, 294300215)",1,Optimal,35,97,97,True,True,True
chaining,"(295900061, 294300217)",0,Optimal,35,97,97,True,True,False
chaining,"(295900061, 294300217)",1,Optimal,35,97,97,True,True,True
chaining,"(295900061, 200090219)",0,Optimal,35,97,97,True,True,False
chaining,"(295900061, 200090219)",1,Optimal,35,97,97,True,True,True
chaining,"(295900061, 200000221)",0,Optimal,35,97,97,True,True,False
chaining,"(295900061, 200000221)",1,Optimal,35,97,97,True,True,True
chaining,"(295900061, 294400189)",0,Optimal,35,97,97,True,True,False
chaining,"(295900061, 294400189)",1,Optimal,35,97,97,True,True,True
chaining,"(295900061, 200090225)",0,Optimal,35,97,97,True,True,False
chaining,"(295900061, 200090225)",1,Optimal,35,97,97,True,True,True
chaining,"(295900061, 200000026)",0,Optimal,35,97,97,True,True,False
chaining,"(295900061, 200000026)",1,Optimal,36,96,96,False,False,True
chaining,"(295900061, 296200626)",0,Optimal,35,97,97,True,True,False
chaining,"(295900061, 296200626)",1,Optimal,35,97,97,True,True,True
chaining,"(295900061, 296200624)",0,Optimal,35,97,97,True,True,False
chaining,"(295900061, 296200624)",1,Optimal,35,97,97,True,True,True
chaining,"(295900061, 296200099)",0,Optimal,35,97,97,True,True,False
chaining,"(295900061, 296200099)",1,Optimal,35,97,97,True,True,True
chaining,"(295900061, 296200096)",0,Optimal,35,97,97,True,True,False
chaining,"(295900061, 296200096)",1,Optimal,35,97,97,True,True,True
chaining,"(295900061, 296200093)",0,Optimal,35,97,97,True,True,False
chaining,"(295900061, 296200093)",1,Optimal,35,97,97,True,True,True
chaining,"(295900061, 200090404)",0,Optimal,35,97,97,True,True,False
chaining,"(295900061, 200090404)",1,Optimal,35,97,97,True,True,True
chaining,"(295900061, 295800463)",0,Optimal,35,97,97,True,True,False
chaining,"(295900061, 295800463)",1,Optimal,35,97,97,True,True,True
chaining,"(295900061, 295800464)",0,Optimal,35,97,97,True,True,False
chaining,"(295900061, 295800464)",1,Optimal,35,97,97,True,True,True
chaining,"(295900061, 294100316)",0,Optimal,35,97,97,True,True,False
chaining,"(295900061, 294100316)",1,Optimal,35,97,97,True,True,True
chaining,"(295900061, 296200088)",0,Optimal,35,97,97,True,True,False
chaining,"(295900061, 296200088)",1,Optimal,35,97,97,True,True,True
chaining,"(295900061, 200090682)",0,Optimal,35,97,97,True,True,True
chaining,"(295900061, 200090682)",1,Optimal,35,97,97,True,True,False
chaining,"(295900061, 200090402)",0,Optimal,35,97,97,True,True,False
chaining,"(295900061, 200090402)",1,Optimal,35,97,97,True,True,True
chaining,"(295900061, 295800465)",0,Optimal,35,97,97,True,True,False
chaining,"(295900061, 295800465)",1,Optimal,35,97,97,True,True,True
chaining,"(295900061, 295200241)",0,Optimal,35,97,97,True,True,False
chaining,"(295900061, 295200241)",1,Optimal,35,97,97,True,True,True
chaining,"(295900061, 295201004)",0,Optimal,35,97,97,True,True,False
chaining,"(295900061, 295201004)",1,Optimal,35,97,97,True,True,True
chaining,"(295900061, 294100328)",0,Optimal,35,97,97,True,True,False
chaining,"(295900061, 294100328)",1,Optimal,35,97,97,True,True,True
chaining,"(295900061, 295200253)",0,Optimal,35,97,97,True,True,False
chaining,"(295900061, 295200253)",1,Optimal,35,97,97,True,True,True
chaining,"(295900061, 294100348)",0,Optimal,35,97,97,True,True,False
chaining,"(295900061, 294100348)",1,Optimal,35,97,97,True,True,True
chaining,"(295900061, 294100352)",0,Optimal,35,97,97,True,True,False
chaining,"(295900061, 294100352)",1,Optimal,36,96,96,False,False,True
chaining,"(295900061, 295200235)",0,Optimal,35,97,97,True,True,False
chaining,"(295900061, 295200235)",1,Optimal,36,96,96,False,False,True
chaining,"(295900061, 294200141)",0,Optimal,35,97,97,True,True,False
chaining,"(295900061, 294200141)",1,Optimal,35,97,97,True,True,True
chaining,"(295900061, 200000336)",0,Optimal,35,97,97,True,True,False
chaining,"(295900061, 200000336)",1,Optimal,35,97,97,True,True,True
chaining,"(295900061, 200090340)",0,Optimal,35,97,97,True,True,False
chaining,"(295900061, 200090340)",1,Optimal,35,97,97,True,True,True
chaining,"(295900061, 200000382)",0,Optimal,35,97,97,True,True,False
chaining,"(295900061, 200000382)",1,Optimal,35,97,97,True,True,True
chaining,"(295900061, 294100344)",0,Optimal,35,97,97,True,True,False
chaining,"(295900061, 294100344)",1,Optimal,35,97,97,True,True,True
chaining,"(295900061, 294200147)",0,Optimal,35,97,97,True,True,False
chaining,"(295900061, 294200147)",1,Optimal,35,97,97,True,True,True
chaining,"(200090709, 296000105)",0,Optimal,35,97,97,True,True,False
chaining,"(200090709, 296000105)",1,Optimal,35,97,97,True,True,True
chaining,"(200090709, 296000091)",0,Optimal,35,97,97,True,True,False
chaining,"(200090709, 296000091)",1,Optimal,35,97,97,True,True,True
chaining,"(200090709, 296000097)",0,Optimal,35,97,97,True,True,False
chaining,"(200090709, 296000097)",1,Optimal,35,97,97,True,True,True
chaining,"(295900061, 294200138)",0,Optimal,35,97,97,True,True,False
chaining,"(295900061, 294200138)",1,Optimal,35,97,97,True,True,True
chaining,"(295900061, 294200175)",0,Optimal,35,97,97,True,True,False
chaining,"(295900061, 294200175)",1,Optimal,35,97,97,True,True,True
chaining,"(295900061, 200090123)",0,Optimal,35,97,97,True,True,False
chaining,"(295900061, 200090123)",1,Optimal,35,97,97,True,True,True
chaining,"(295900061, 200000121)",0,Optimal,35,97,97,True,True,False
chaining,"(295900061, 200000121)",1,Optimal,35,97,97,True,True,True
chaining,"(200090709, 294300215)",0,Optimal,35,97,97,True,True,False
chaining,"(200090709, 294300215)",1,Optimal,35,97,97,True,True,True
chaining,"(200090709, 294300217)",0,Optimal,35,97,97,True,True,False
chaining,"(200090709, 294300217)",1,Optimal,35,97,97,True,True,True
chaining,"(200090709, 200090219)",0,Optimal,35,97,97,True,True,False
chaining,"(200090709, 200090219)",1,Optimal,35,97,97,True,True,True
chaining,"(200090709, 200000221)",0,Optimal,35,97,97,True,True,False
chaining,"(200090709, 200000221)",1,Optimal,35,97,97,True,True,True
chaining,"(200090709, 294400189)",0,Optimal,35,97,97,True,True,False
chaining,"(200090709, 294400189)",1,Optimal,35,97,97,True,True,True
chaining,"(200090709, 200090225)",0,Optimal,35,97,97,True,True,False
chaining,"(200090709, 200090225)",1,Optimal,35,97,97,True,True,True
chaining,"(200090709, 200000026)",0,Optimal,35,97,97,True,True,False
chaining,"(200090709, 200000026)",1,Optimal,36,96,96,False,False,True
chaining,"(200090709, 296200626)",0,Optimal,35,97,97,True,True,False
chaining,"(200090709, 296200626)",1,Optimal,35,97,97,True,True,True
chaining,"(200090709, 296200624)",0,Optimal,35,97,97,True,True,False
chaining,"(200090709, 296200624)",1,Optimal,35,97,97,True,True,True
chaining,"(200090709, 296200099)",0,Optimal,35,97,97,True,True,False
chaining,"(200090709, 296200099)",1,Optimal,35,97,97,True,True,True
chaining,"(200090709, 296200096)",0,Optimal,35,97,97,True,True,False
chaining,"(200090709, 296200096)",1,Optimal,35,97,97,True,True,True
chaining,"(200090709, 296200093)",0,Optimal,35,97,97,True,True,False
chaining,"(200090709, 296200093)",1,Optimal,35,97,97,True,True,True
chaining,"(200090709, 295800465)",0,Optimal,35,97,97,True,True,True
chaining,"(200090709, 295800465)",1,Optimal,35,97,97,True,True,False
chaining,"(200090709, 200090404)",0,Optimal,35,97,97,True,True,False
chaining,"(200090709, 200090404)",1,Optimal,35,97,97,True,True,True
chaining,"(200090709, 295800463)",0,Optimal,35,97,97,True,True,False
chaining,"(200090709, 295800463)",1,Optimal,35,97,97,True,True,True
chaining,"(200090709, 295800464)",0,Optimal,35,97,97,True,True,False
chaining,"(200090709, 295800464)",1,Optimal,35,97,97,True,True,True
chaining,"(200090709, 294100328)",0,Optimal,35,97,97,True,True,False
chaining,"(200090709, 294100328)",1,Optimal,35,97,97,True,True,True
chaining,"(200090709, 295200253)",0,Optimal,35,97,97,True,True,False
chaining,"(200090709, 295200253)",1,Optimal,35,97,97,True,True,True
chaining,"(200090709, 200000336)",0,Optimal,35,97,97,True,True,False
chaining,"(200090709, 200000336)",1,Optimal,35,97,97,True,True,True
chaining,"(200090709, 200090340)",0,Optimal,35,97,97,True,True,False
chaining,"(200090709, 200090340)",1,Optimal,35,97,97,True,True,True
chaining,"(200090709, 200000382)",0,Optimal,35,97,97,True,True,False
chaining,"(200090709, 200000382)",1,Optimal,35,97,97,True,True,True
chaining,"(200090709, 294100344)",0,Optimal,35,97,97,True,True,False
chaining,"(200090709, 294100344)",1,Optimal,35,97,97,True,True,True
chaining,"(200090709, 294100348)",0,Optimal,35,97,97,True,True,False
chaining,"(200090709, 294100348)",1,Optimal,35,97,97,True,True,True
chaining,"(200090709, 294100352)",0,Optimal,35,97,97,True,True,False
chaining,"(200090709, 294100352)",1,Optimal,36,96,96,False,False,True
chaining,"(200090709, 295200235)",0,Optimal,35,97,97,True,True,False
chaining,"(200090709, 295200235)",1,Optimal,36,96,96,False,False,True
chaining,"(200090709, 294200141)",0,Optimal,35,97,97,True,True,False
chaining,"(200090709, 294200141)",1,Optimal,35,97,97,True,True,True
chaining,"(200090709, 294200138)",0,Optimal,35,97,97,True,True,False
chaining,"(200090709, 294200138)",1,Optimal,35,97,97,True,True,True
chaining,"(200090709, 294200175)",0,Optimal,35,97,97,True,True,False
chaining,"(200090709, 294200175)",1,Optimal,35,97,97,True,True,True
chaining,"(200090709, 200090123)",0,Optimal,35,97,97,True,True,False
chaining,"(200090709, 200090123)",1,Optimal,35,97,97,True,True,True
chaining,"(200090709, 200000121)",0,Optimal,35,97,97,True,True,False
chaining,"(200090709, 200000121)",1,Optimal,35,97,97,True,True,True
chaining,"(294100713, 296000105)",0,Optimal,35,97,97,True,True,False
chaining,"(294100713, 296000105)",1,Optimal,35,97,97,True,True,True
chaining,"(294100713, 296000097)",0,Optimal,35,97,97,True,True,False
chaining,"(294100713, 296000097)",1,Optimal,35,97,97,True,True,True
chaining,"(294100713, 296200626)",0,Optimal,35,97,97,True,True,True
chaining,"(294100713, 296200626)",1,Optimal,35,97,97,True,True,False
chaining,"(294100713, 296200624)",0,Optimal,35,97,97,True,True,False
chaining,"(294100713, 296200624)",1,Optimal,35,97,97,True,True,True
chaining,"(294100713, 200090404)",0,Optimal,35,97,97,True,True,False
chaining,"(294100713, 200090404)",1,Optimal,35,97,97,True,True,True
chaining,"(294100713, 295800463)",0,Optimal,35,97,97,True,True,False
chaining,"(294100713, 295800463)",1,Optimal,35,97,97,True,True,True
chaining,"(294100713, 200000221)",0,Optimal,35,97,97,True,True,False
chaining,"(294100713, 200000221)",1,Optimal,35,97,97,True,True,True
chaining,"(294100713, 294400189)",0,Optimal,35,97,97,True,True,False
chaining,"(294100713, 294400189)",1,Optimal,35,97,97,True,True,True
chaining,"(294100713, 200090225)",0,Optimal,35,97,97,True,True,False
chaining,"(294100713, 200090225)",1,Optimal,35,97,97,True,True,True
chaining,"(294100713, 200000026)",0,Optimal,35,97,97,True,True,False
chaining,"(294100713, 200000026)",1,Optimal,36,96,96,False,False,True
chaining,"(294100713, 294100348)",0,Optimal,35,97,97,True,True,False
chaining,"(294100713, 294100348)",1,Optimal,35,97,97,True,True,True
chaining,"(294100713, 294100352)",0,Optimal,35,97,97,True,True,False
chaining,"(294100713, 294100352)",1,Optimal,36,96,96,False,False,True
chaining,"(294100713, 295200235)",0,Optimal,35,97,97,True,True,False
chaining,"(294100713, 295200235)",1,Optimal,36,96,96,False,False,True
chaining,"(294100713, 294200141)",0,Optimal,35,97,97,True,True,False
chaining,"(294100713, 294200141)",1,Optimal,35,97,97,True,True,True
chaining,"(294100713, 295800464)",0,Optimal,35,97,97,True,True,False
chaining,"(294100713, 295800464)",1,Optimal,35,97,97,True,True,True
chaining,"(294100713, 200090340)",0,Optimal,35,97,97,True,True,False
chaining,"(294100713, 200090340)",1,Optimal,35,97,97,True,True,True
chaining,"(294100713, 200000382)",0,Optimal,35,97,97,True,True,False
chaining,"(294100713, 200000382)",1,Optimal,35,97,97,True,True,True
chaining,"(294100713, 294100344)",0,Optimal,35,97,97,True,True,False
chaining,"(294100713, 294100344)",1,Optimal,35,97,97,True,True,True
chaining,"(294100713, 294200138)",0,Optimal,35,97,97,True,True,False
chaining,"(294100713, 294200138)",1,Optimal,35,97,97,True,True,True
chaining,"(294100713, 294200175)",0,Optimal,35,97,97,True,True,False
chaining,"(294100713, 294200175)",1,Optimal,35,97,97,True,True,True
chaining,"(200090702, 294100827)",0,Optimal,35,97,97,True,True,False
chaining,"(200090702, 294100827)",1,Optimal,35,97,97,True,True,True
chaining,"(200090702, 294100823)",0,Optimal,35,97,97,True,True,False
chaining,"(200090702, 294100823)",1,Optimal,35,97,97,True,True,True
chaining,"(296000100, 294100713)",0,Optimal,36,96,96,False,False,True
chaining,"(296000100, 294100713)",1,Optimal,35,97,97,True,True,False
chaining,"(200090205, 294300165)",0,Optimal,35,97,97,True,True,True
chaining,"(200090205, 294300165)",1,Optimal,35,97,97,True,True,False
chaining,"(200090205, 294300167)",0,Optimal,35,97,97,True,True,False
chaining,"(200090205, 294300167)",1,Optimal,35,97,97,True,True,True
chaining,"(200090205, 200000222)",0,Optimal,35,97,97,True,True,False
chaining,"(200090205, 200000222)",1,Optimal,35,97,97,True,True,True
chaining,"(294300162, 296000105)",0,Optimal,35,97,97,True,True,False
chaining,"(294300162, 296000105)",1,Optimal,35,97,97,True,True,True
chaining,"(294300162, 200090702)",0,Optimal,35,97,97,True,True,False
chaining,"(294300162, 200090702)",1,Optimal,35,97,97,True,True,True
chaining,"(294300162, 296000091)",0,Optimal,35,97,97,True,True,False
chaining,"(294300162, 296000091)",1,Optimal,35,97,97,True,True,True
chaining,"(294300162, 296000097)",0,Optimal,35,97,97,True,True,False
chaining,"(294300162, 296000097)",1,Optimal,35,97,97,True,True,True
chaining,"(294300162, 296000100)",0,Optimal,35,97,97,True,True,False
chaining,"(294300162, 296000100)",1,Optimal,35,97,97,True,True,True
chaining,"(294300162, 200000229)",0,Optimal,35,97,97,True,True,False
chaining,"(294300162, 200000229)",1,Optimal,35,97,97,True,True,True
chaining,"(294300162, 294400182)",0,Optimal,35,97,97,True,True,False
chaining,"(294300162, 294400182)",1,Optimal,35,97,97,True,True,True
chaining,"(294300162, 294300211)",0,Optimal,35,97,97,True,True,False
chaining,"(294300162, 294300211)",1,Optimal,35,97,97,True,True,True
chaining,"(294300162, 294300215)",0,Optimal,35,97,97,True,True,False
chaining,"(294300162, 294300215)",1,Optimal,35,97,97,True,True,True
chaining,"(294300162, 294300217)",0,Optimal,35,97,97,True,True,False
chaining,"(294300162, 294300217)",1,Optimal,35,97,97,True,True,True
chaining,"(294300162, 200090219)",0,Optimal,35,97,97,True,True,False
chaining,"(294300162, 200090219)",1,Optimal,35,97,97,True,True,True
chaining,"(294300162, 200000221)",0,Optimal,35,97,97,True,True,False
chaining,"(294300162, 200000221)",1,Optimal,35,97,97,True,True,True
chaining,"(294300162, 294400189)",0,Optimal,35,97,97,True,True,False
chaining,"(294300162, 294400189)",1,Optimal,35,97,97,True,True,True
chaining,"(294300162, 200090225)",0,Optimal,35,97,97,True,True,False
chaining,"(294300162, 200090225)",1,Optimal,35,97,97,True,True,True
chaining,"(294300162, 200000026)",0,Optimal,35,97,97,True,True,False
chaining,"(294300162, 200000026)",1,Optimal,36,96,96,False,False,True
chaining,"(294300162, 296200626)",0,Optimal,35,97,97,True,True,False
chaining,"(294300162, 296200626)",1,Optimal,35,97,97,True,True,True
chaining,"(294300162, 296200088)",0,Optimal,35,97,97,True,True,False
chaining,"(294300162, 296200088)",1,Optimal,35,97,97,True,True,True
chaining,"(294300162, 200090682)",0,Optimal,35,97,97,True,True,False
chaining,"(294300162, 200090682)",1,Optimal,35,97,97,True,True,True
chaining,"(294300162, 296200102)",0,Optimal,35,97,97,True,True,True
chaining,"(294300162, 296200102)",1,Optimal,35,97,97,True,True,False
chaining,"(294300162, 296200101)",0,Optimal,35,97,97,True,True,False
chaining,"(294300162, 296200101)",1,Optimal,35,97,97,True,True,True
chaining,"(294300162, 296200624)",0,Optimal,35,97,97,True,True,False
chaining,"(294300162, 296200624)",1,Optimal,35,97,97,True,True,True
chaining,"(294300162, 296200099)",0,Optimal,35,97,97,True,True,False
chaining,"(294300162, 296200099)",1,Optimal,35,97,97,True,True,True
chaining,"(294300162, 296200096)",0,Optimal,35,97,97,True,True,False
chaining,"(294300162, 296200096)",1,Optimal,35,97,97,True,True,True
chaining,"(294300162, 296200093)",0,Optimal,35,97,97,True,True,False
chaining,"(294300162, 296200093)",1,Optimal,35,97,97,True,True,True
chaining,"(294300162, 295200241)",0,Optimal,35,97,97,True,True,False
chaining,"(294300162, 295200241)",1,Optimal,35,97,97,True,True,True
chaining,"(294300162, 295201004)",0,Optimal,35,97,97,True,True,False
chaining,"(294300162, 295201004)",1,Optimal,35,97,97,True,True,True
chaining,"(294300162, 294100328)",0,Optimal,35,97,97,True,True,False
chaining,"(294300162, 294100328)",1,Optimal,35,97,97,True,True,True
chaining,"(294300162, 295200253)",0,Optimal,35,97,97,True,True,False
chaining,"(294300162, 295200253)",1,Optimal,35,97,97,True,True,True
chaining,"(294300162, 200000336)",0,Optimal,35,97,97,True,True,False
chaining,"(294300162, 200000336)",1,Optimal,35,97,97,True,True,True
chaining,"(294300162, 200090340)",0,Optimal,35,97,97,True,True,False
chaining,"(294300162, 200090340)",1,Optimal,35,97,97,True,True,True
chaining,"(294300162, 200000382)",0,Optimal,35,97,97,True,True,False
chaining,"(294300162, 200000382)",1,Optimal,35,97,97,True,True,True
chaining,"(294300162, 294100344)",0,Optimal,35,97,97,True,True,False
chaining,"(294300162, 294100344)",1,Optimal,35,97,97,True,True,True
chaining,"(294300162, 295800464)",0,Optimal,35,97,97,True,True,False
chaining,"(294300162, 295800464)",1,Optimal,35,97,97,True,True,True
chaining,"(294300162, 200090308)",0,Optimal,35,97,97,True,True,False
chaining,"(294300162, 200090308)",1,Optimal,35,97,97,True,True,True
chaining,"(294300162, 295200233)",0,Optimal,35,97,97,True,True,False
chaining,"(294300162, 295200233)",1,Optimal,35,97,97,True,True,True
chaining,"(294300162, 294100316)",0,Optimal,35,97,97,True,True,False
chaining,"(294300162, 294100316)",1,Optimal,35,97,97,True,True,True
chaining,"(294300162, 200090402)",0,Optimal,35,97,97,True,True,False
chaining,"(294300162, 200090402)",1,Optimal,35,97,97,True,True,True
chaining,"(294300162, 295800465)",0,Optimal,35,97,97,True,True,False
chaining,"(294300162, 295800465)",1,Optimal,35,97,97,True,True,True
chaining,"(294300162, 200090404)",0,Optimal,35,97,97,True,True,False
chaining,"(294300162, 200090404)",1,Optimal,35,97,97,True,True,True
chaining,"(294300162, 295800463)",0,Optimal,35,97,97,True,True,False
chaining,"(294300162, 295800463)",1,Optimal,35,97,97,True,True,True
chaining,"(294300162, 294100348)",0,Optimal,35,97,97,True,True,False
chaining,"(294300162, 294100348)",1,Optimal,35,97,97,True,True,True
chaining,"(294300162, 294100352)",0,Optimal,35,97,97,True,True,False
chaining,"(294300162, 294100352)",1,Optimal,36,96,96,False,False,True
chaining,"(294300162, 295200235)",0,Optimal,35,97,97,True,True,False
chaining,"(294300162, 295200235)",1,Optimal,36,96,96,False,False,True
chaining,"(294300162, 294200141)",0,Optimal,35,97,97,True,True,False
chaining,"(294300162, 294200141)",1,Optimal,35,97,97,True,True,True
chaining,"(294300162, 294200138)",0,Optimal,35,97,97,True,True,False
chaining,"(294300162, 294200138)",1,Optimal,35,97,97,True,True,True
chaining,"(294300162, 294200175)",0,Optimal,35,97,97,True,True,False
chaining,"(294300162, 294200175)",1,Optimal,35,97,97,True,True,True
chaining,"(294300162, 200090123)",0,Optimal,35,97,97,True,True,False
chaining,"(294300162, 200090123)",1,Optimal,35,97,97,True,True,True
chaining,"(294300162, 200000121)",0,Optimal,35,97,97,True,True,False
chaining,"(294300162, 200000121)",1,Optimal,35,97,97,True,True,True
chaining,"(294300162, 294200147)",0,Optimal,35,97,97,True,True,False
chaining,"(294300162, 294200147)",1,Optimal,35,97,97,True,True,True
chaining,"(294300162, 294200133)",0,Optimal,35,97,97,True,True,False
chaining,"(294300162, 294200133)",1,Optimal,35,97,97,True,True,True
chaining,"(294400173, 294300165)",0,Optimal,35,97,97,True,True,False
chaining,"(294400173, 294300165)",1,Optimal,35,97,97,True,True,True
chaining,"(294400173, 294300167)",0,Optimal,35,97,97,True,True,True
chaining,"(294400173, 294300167)",1,Optimal,35,97,97,True,True,False
chaining,"(294300163, 294300211)",0,Optimal,35,97,97,True,True,False
chaining,"(294300163, 294300211)",1,Optimal,35,97,97,True,True,True
chaining,"(294300163, 294300215)",0,Optimal,35,97,97,True,True,False
chaining,"(294300163, 294300215)",1,Optimal,35,97,97,True,True,True
chaining,"(294300163, 294300217)",0,Optimal,35,97,97,True,True,False
chaining,"(294300163, 294300217)",1,Optimal,35,97,97,True,True,True
chaining,"(294300163, 200090219)",0,Optimal,35,97,97,True,True,False
chaining,"(294300163, 200090219)",1,Optimal,35,97,97,True,True,True
chaining,"(294400173, 200000222)",0,Optimal,35,97,97,True,True,False
chaining,"(294400173, 200000222)",1,Optimal,35,97,97,True,True,True
chaining,"(294300163, 296000105)",0,Optimal,35,97,97,True,True,False
chaining,"(294300163, 296000105)",1,Optimal,35,97,97,True,True,True
chaining,"(294300163, 200090702)",0,Optimal,35,97,97,True,True,False
chaining,"(294300163, 200090702)",1,Optimal,35,97,97,True,True,True
chaining,"(294300163, 296000091)",0,Optimal,35,97,97,True,True,False
chaining,"(294300163, 296000091)",1,Optimal,35,97,97,True,True,True
chaining,"(294300163, 296000097)",0,Optimal,35,97,97,True,True,False
chaining,"(294300163, 296000097)",1,Optimal,35,97,97,True,True,True
chaining,"(294300163, 296000100)",0,Optimal,35,97,97,True,True,False
chaining,"(294300163, 296000100)",1,Optimal,35,97,97,True,True,True
chaining,"(294300163, 200000229)",0,Optimal,35,97,97,True,True,False
chaining,"(294300163, 200000229)",1,Optimal,35,97,97,True,True,True
chaining,"(294300163, 294400182)",0,Optimal,35,97,97,True,True,False
chaining,"(294300163, 294400182)",1,Optimal,35,97,97,True,True,True
chaining,"(294300163, 200000221)",0,Optimal,35,97,97,True,True,False
chaining,"(294300163, 200000221)",1,Optimal,35,97,97,True,True,True
chaining,"(294300163, 294400189)",0,Optimal,35,97,97,True,True,False
chaining,"(294300163, 294400189)",1,Optimal,35,97,97,True,True,True
chaining,"(294300163, 200090225)",0,Optimal,35,97,97,True,True,False
chaining,"(294300163, 200090225)",1,Optimal,35,97,97,True,True,True
chaining,"(294300163, 200000026)",0,Optimal,35,97,97,True,True,False
chaining,"(294300163, 200000026)",1,Optimal,36,96,96,False,False,True
chaining,"(294300163, 296200093)",0,Optimal,35,97,97,True,True,False
chaining,"(294300163, 296200093)",1,Optimal,35,97,97,True,True,True
chaining,"(294300163, 296200088)",0,Optimal,35,97,97,True,True,False
chaining,"(294300163, 296200088)",1,Optimal,35,97,97,True,True,True
chaining,"(294300163, 200090682)",0,Optimal,35,97,97,True,True,False
chaining,"(294300163, 200090682)",1,Optimal,35,97,97,True,True,True
chaining,"(294300163, 296200102)",0,Optimal,35,97,97,True,True,False
chaining,"(294300163, 296200102)",1,Optimal,35,97,97,True,True,True
chaining,"(294300163, 296200626)",0,Optimal,35,97,97,True,True,False
chaining,"(294300163, 296200626)",1,Optimal,35,97,97,True,True,True
chaining,"(294300163, 296200624)",0,Optimal,35,97,97,True,True,False
chaining,"(294300163, 296200624)",1,Optimal,35,97,97,True,True,True
chaining,"(294300163, 296200099)",0,Optimal,35,97,97,True,True,False
chaining,"(294300163, 296200099)",1,Optimal,35,97,97,True,True,True
chaining,"(294300163, 296200096)",0,Optimal,35,97,97,True,True,False
chaining,"(294300163, 296200096)",1,Optimal,35,97,97,True,True,True
chaining,"(294300163, 200090402)",0,Optimal,35,97,97,True,True,False
chaining,"(294300163, 200090402)",1,Optimal,35,97,97,True,True,True
chaining,"(294300163, 295800465)",0,Optimal,35,97,97,True,True,False
chaining,"(294300163, 295800465)",1,Optimal,35,97,97,True,True,True
chaining,"(294300163, 200090404)",0,Optimal,35,97,97,True,True,False
chaining,"(294300163, 200090404)",1,Optimal,35,97,97,True,True,True
chaining,"(294300163, 295800463)",0,Optimal,35,97,97,True,True,False
chaining,"(294300163, 295800463)",1,Optimal,35,97,97,True,True,True
chaining,"(294300163, 295800464)",0,Optimal,35,97,97,True,True,False
chaining,"(294300163, 295800464)",1,Optimal,35,97,97,True,True,True
chaining,"(294300163, 295200233)",0,Optimal,35,97,97,True,True,False
chaining,"(294300163, 295200233)",1,Optimal,35,97,97,True,True,True
chaining,"(294300163, 294100316)",0,Optimal,35,97,97,True,True,False
chaining,"(294300163, 294100316)",1,Optimal,35,97,97,True,True,True
chaining,"(294300163, 295200241)",0,Optimal,35,97,97,True,True,True
chaining,"(294300163, 295200241)",1,Optimal,35,97,97,True,True,False
chaining,"(294300163, 294200175)",0,Optimal,35,97,97,True,True,False
chaining,"(294300163, 294200175)",1,Optimal,35,97,97,True,True,True
chaining,"(294300163, 200090123)",0,Optimal,35,97,97,True,True,False
chaining,"(294300163, 200090123)",1,Optimal,35,97,97,True,True,True
chaining,"(294300163, 200000121)",0,Optimal,35,97,97,True,True,False
chaining,"(294300163, 200000121)",1,Optimal,35,97,97,True,True,True
chaining,"(294300163, 294200147)",0,Optimal,35,97,97,True,True,False
chaining,"(294300163, 294200147)",1,Optimal,35,97,97,True,True,True
chaining,"(294300163, 295201004)",0,Optimal,35,97,97,True,True,False
chaining,"(294300163, 295201004)",1,Optimal,35,97,97,True,True,True
chaining,"(294300163, 294100328)",0,Optimal,35,97,97,True,True,False
chaining,"(294300163, 294100328)",1,Optimal,35,97,97,True,True,True
chaining,"(294300163, 295200253)",0,Optimal,35,97,97,True,True,False
chaining,"(294300163, 295200253)",1,Optimal,35,97,97,True,True,True
chaining,"(294300163, 200000336)",0,Optimal,35,97,97,True,True,False
chaining,"(294300163, 200000336)",1,Optimal,35,97,97,True,True,True
chaining,"(294300163, 294100352)",0,Optimal,35,97,97,True,True,False
chaining,"(294300163, 294100352)",1,Optimal,36,96,96,False,False,True
chaining,"(294300163, 295200235)",0,Optimal,35,97,97,True,True,False
chaining,"(294300163, 295200235)",1,Optimal,36,96,96,False,False,True
chaining,"(294300163, 294200141)",0,Optimal,35,97,97,True,True,False
chaining,"(294300163, 294200141)",1,Optimal,35,97,97,True,True,True
chaining,"(294300163, 294200138)",0,Optimal,35,97,97,True,True,False
chaining,"(294300163, 294200138)",1,Optimal,35,97,97,True,True,True
chaining,"(294300163, 200090340)",0,Optimal,35,97,97,True,True,False
chaining,"(294300163, 200090340)",1,Optimal,35,97,97,True,True,True
chaining,"(294300163, 200000382)",0,Optimal,35,97,97,True,True,False
chaining,"(294300163, 200000382)",1,Optimal,35,97,97,True,True,True
chaining,"(294300163, 294100344)",0,Optimal,35,97,97,True,True,False
chaining,"(294300163, 294100344)",1,Optimal,35,97,97,True,True,True
chaining,"(294300163, 294100348)",0,Optimal,35,97,97,True,True,False
chaining,"(294300163, 294100348)",1,Optimal,35,97,97,True,True,True
chaining,"(200090206, 296000105)",0,Optimal,35,97,97,True,True,False
chaining,"(200090206, 296000105)",1,Optimal,35,97,97,True,True,True
chaining,"(200090206, 200090702)",0,Optimal,35,97,97,True,True,False
chaining,"(200090206, 200090702)",1,Optimal,35,97,97,True,True,True
chaining,"(200090206, 296000091)",0,Optimal,35,97,97,True,True,False
chaining,"(200090206, 296000091)",1,Optimal,35,97,97,True,True,True
chaining,"(200090206, 296000097)",0,Optimal,35,97,97,True,True,False
chaining,"(200090206, 296000097)",1,Optimal,35,97,97,True,True,True
chaining,"(200090206, 294400182)",0,Optimal,35,97,97,True,True,False
chaining,"(200090206, 294400182)",1,Optimal,35,97,97,True,True,True
chaining,"(200090206, 294300211)",0,Optimal,35,97,97,True,True,False
chaining,"(200090206, 294300211)",1,Optimal,35,97,97,True,True,True
chaining,"(200090206, 294300215)",0,Optimal,35,97,97,True,True,False
chaining,"(200090206, 294300215)",1,Optimal,35,97,97,True,True,True
chaining,"(200090206, 294300217)",0,Optimal,35,97,97,True,True,False
chaining,"(200090206, 294300217)",1,Optimal,35,97,97,True,True,True
chaining,"(200090206, 200090219)",0,Optimal,35,97,97,True,True,False
chaining,"(200090206, 200090219)",1,Optimal,35,97,97,True,True,True
chaining,"(200090206, 200000221)",0,Optimal,35,97,97,True,True,False
chaining,"(200090206, 200000221)",1,Optimal,35,97,97,True,True,True
chaining,"(200090206, 294400189)",0,Optimal,35,97,97,True,True,False
chaining,"(200090206, 294400189)",1,Optimal,35,97,97,True,True,True
chaining,"(200090206, 200090225)",0,Optimal,35,97,97,True,True,False
chaining,"(200090206, 200090225)",1,Optimal,35,97,97,True,True,True
chaining,"(200090206, 295800464)",0,Optimal,35,97,97,True,True,False
chaining,"(200090206, 295800464)",1,Optimal,35,97,97,True,True,True
chaining,"(200090206, 294100316)",0,Optimal,35,97,97,True,True,False
chaining,"(200090206, 294100316)",1,Optimal,35,97,97,True,True,True
chaining,"(200090206, 295200241)",0,Optimal,35,97,97,True,True,False
chaining,"(200090206, 295200241)",1,Optimal,35,97,97,True,True,True
chaining,"(200090206, 295201004)",0,Optimal,35,97,97,True,True,False
chaining,"(200090206, 295201004)",1,Optimal,35,97,97,True,True,True
chaining,"(200090206, 200000026)",0,Optimal,35,97,97,True,True,False
chaining,"(200090206, 200000026)",1,Optimal,36,96,96,False,False,True
chaining,"(200090206, 296200626)",0,Optimal,35,97,97,True,True,False
chaining,"(200090206, 296200626)",1,Optimal,35,97,97,True,True,True
chaining,"(200090206, 296200624)",0,Optimal,35,97,97,True,True,False
chaining,"(200090206, 296200624)",1,Optimal,35,97,97,True,True,True
chaining,"(200090206, 296200099)",0,Optimal,35,97,97,True,True,False
chaining,"(200090206, 296200099)",1,Optimal,35,97,97,True,True,True
chaining,"(200090206, 296200096)",0,Optimal,35,97,97,True,True,False
chaining,"(200090206, 296200096)",1,Optimal,35,97,97,True,True,True
chaining,"(200090206, 296200093)",0,Optimal,35,97,97,True,True,False
chaining,"(200090206, 296200093)",1,Optimal,35,97,97,True,True,True
chaining,"(200090206, 296200088)",0,Optimal,35,97,97,True,True,False
chaining,"(200090206, 296200088)",1,Optimal,35,97,97,True,True,True
chaining,"(200090206, 200090682)",0,Optimal,35,97,97,True,True,False
chaining,"(200090206, 200090682)",1,Optimal,35,97,97,True,True,True
chaining,"(200090206, 294100328)",0,Optimal,35,97,97,True,True,True
chaining,"(200090206, 294100328)",1,Optimal,35,97,97,True,True,False
chaining,"(200090206, 295200253)",0,Optimal,35,97,97,True,True,False
chaining,"(200090206, 295200253)",1,Optimal,35,97,97,True,True,True
chaining,"(200090206, 200000336)",0,Optimal,35,97,97,True,True,False
chaining,"(200090206, 200000336)",1,Optimal,35,97,97,True,True,True
chaining,"(200090206, 200090340)",0,Optimal,35,97,97,True,True,False
chaining,"(200090206, 200090340)",1,Optimal,35,97,97,True,True,True
chaining,"(200090206, 200090402)",0,Optimal,35,97,97,True,True,False
chaining,"(200090206, 200090402)",1,Optimal,35,97,97,True,True,True
chaining,"(200090206, 295800465)",0,Optimal,35,97,97,True,True,False
chaining,"(200090206, 295800465)",1,Optimal,35,97,97,True,True,True
chaining,"(200090206, 200090404)",0,Optimal,35,97,97,True,True,False
chaining,"(200090206, 200090404)",1,Optimal,35,97,97,True,True,True
chaining,"(200090206, 295800463)",0,Optimal,35,97,97,True,True,False
chaining,"(200090206, 295800463)",1,Optimal,35,97,97,True,True,True
chaining,"(200090206, 200000382)",0,Optimal,35,97,97,True,True,False
chaining,"(200090206, 200000382)",1,Optimal,35,97,97,True,True,True
chaining,"(200090206, 294100344)",0,Optimal,35,97,97,True,True,False
chaining,"(200090206, 294100344)",1,Optimal,35,97,97,True,True,True
chaining,"(200090206, 294100348)",0,Optimal,35,97,97,True,True,False
chaining,"(200090206, 294100348)",1,Optimal,35,97,97,True,True,True
chaining,"(200090206, 294100352)",0,Optimal,35,97,97,True,True,False
chaining,"(200090206, 294100352)",1,Optimal,36,96,96,False,False,True
chaining,"(200090206, 295200235)",0,Optimal,35,97,97,True,True,False
chaining,"(200090206, 295200235)",1,Optimal,36,96,96,False,False,True
chaining,"(200090206, 294200141)",0,Optimal,35,97,97,True,True,False
chaining,"(200090206, 294200141)",1,Optimal,35,97,97,True,True,True
chaining,"(200090206, 294200138)",0,Optimal,35,97,97,True,True,False
chaining,"(200090206, 294200138)",1,Optimal,35,97,97,True,True,True
chaining,"(200090206, 294200175)",0,Optimal,35,97,97,True,True,False
chaining,"(200090206, 294200175)",1,Optimal,35,97,97,True,True,True
chaining,"(200090206, 200090123)",0,Optimal,35,97,97,True,True,False
chaining,"(200090206, 200090123)",1,Optimal,35,97,97,True,True,True
chaining,"(200090206, 200000121)",0,Optimal,35,97,97,True,True,False
chaining,"(200090206, 200000121)",1,Optimal,35,97,97,True,True,True
chaining,"(200090206, 294200147)",0,Optimal,35,97,97,True,True,False
chaining,"(200090206, 294200147)",1,Optimal,35,97,97,True,True,True
chaining,"(200000229, 200000230)",0,Optimal,35,97,97,True,True,False
chaining,"(200000229, 200000230)",1,Optimal,36,96,96,False,False,True
chaining,"(200000229, 294300216)",0,Optimal,36,96,96,False,False,True
chaining,"(200000229, 294300216)",1,Optimal,35,97,97,True,True,False
chaining,"(200000229, 294300220)",0,Optimal,35,97,97,True,True,False
chaining,"(200000229, 294300220)",1,Optimal,36,96,96,False,False,True
chaining,"(200000229, 200090224)",0,Optimal,35,97,97,True,True,False
chaining,"(200000229, 200090224)",1,Optimal,36,96,96,False,False,True
chaining,"(200000229, 294300226)",0,Optimal,35,97,97,True,True,False
chaining,"(200000229, 294300226)",1,Optimal,36,96,96,False,False,True
chaining,"(294300165, 200000221)",0,Optimal,35,97,97,True,True,False
chaining,"(294300165, 200000221)",1,Optimal,35,97,97,True,True,True
chaining,"(294300165, 294400189)",0,Optimal,35,97,97,True,True,False
chaining,"(294300165, 294400189)",1,Optimal,35,97,97,True,True,True
chaining,"(294300165, 200090225)",0,Optimal,35,97,97,True,True,False
chaining,"(294300165, 200090225)",1,Optimal,35,97,97,True,True,True
chaining,"(294300165, 200000026)",0,Optimal,35,97,97,True,True,False
chaining,"(294300165, 200000026)",1,Optimal,36,96,96,False,False,True
chaining,"(294300165, 296200626)",0,Optimal,35,97,97,True,True,False
chaining,"(294300165, 296200626)",1,Optimal,35,97,97,True,True,True
chaining,"(294300165, 296200624)",0,Optimal,35,97,97,True,True,False
chaining,"(294300165, 296200624)",1,Optimal,35,97,97,True,True,True
chaining,"(294300165, 296200099)",0,Optimal,35,97,97,True,True,False
chaining,"(294300165, 296200099)",1,Optimal,35,97,97,True,True,True
chaining,"(294300165, 296200096)",0,Optimal,35,97,97,True,True,False
chaining,"(294300165, 296200096)",1,Optimal,35,97,97,True,True,True
chaining,"(294300165, 296000105)",0,Optimal,35,97,97,True,True,False
chaining,"(294300165, 296000105)",1,Optimal,35,97,97,True,True,True
chaining,"(294300165, 200090702)",0,Optimal,35,97,97,True,True,True
chaining,"(294300165, 200090702)",1,Optimal,35,97,97,True,True,False
chaining,"(294300165, 296000091)",0,Optimal,35,97,97,True,True,False
chaining,"(294300165, 296000091)",1,Optimal,35,97,97,True,True,True
chaining,"(294300165, 296000097)",0,Optimal,35,97,97,True,True,False
chaining,"(294300165, 296000097)",1,Optimal,35,97,97,True,True,True
chaining,"(294300165, 296200093)",0,Optimal,35,97,97,True,True,False
chaining,"(294300165, 296200093)",1,Optimal,35,97,97,True,True,True
chaining,"(294300165, 296200088)",0,Optimal,35,97,97,True,True,False
chaining,"(294300165, 296200088)",1,Optimal,35,97,97,True,True,True
chaining,"(294300165, 200090682)",0,Optimal,35,97,97,True,True,False
chaining,"(294300165, 200090682)",1,Optimal,35,97,97,True,True,True
chaining,"(294300165, 295800465)",0,Optimal,35,97,97,True,True,False
chaining,"(294300165, 295800465)",1,Optimal,35,97,97,True,True,True
chaining,"(294300165, 294300211)",0,Optimal,35,97,97,True,True,False
chaining,"(294300165, 294300211)",1,Optimal,35,97,97,True,True,True
chaining,"(294300165, 294300215)",0,Optimal,35,97,97,True,True,False
chaining,"(294300165, 294300215)",1,Optimal,35,97,97,True,True,True
chaining,"(294300165, 294300217)",0,Optimal,35,97,97,True,True,False
chaining,"(294300165, 294300217)",1,Optimal,35,97,97,True,True,True
chaining,"(294300165, 200090219)",0,Optimal,35,97,97,True,True,False
chaining,"(294300165, 200090219)",1,Optimal,35,97,97,True,True,True
chaining,"(294300165, 200090404)",0,Optimal,35,97,97,True,True,False
chaining,"(294300165, 200090404)",1,Optimal,35,97,97,True,True,True
chaining,"(294300165, 295800463)",0,Optimal,35,97,97,True,True,False
chaining,"(294300165, 295800463)",1,Optimal,35,97,97,True,True,True
chaining,"(294300165, 295800464)",0,Optimal,35,97,97,True,True,False
chaining,"(294300165, 295800464)",1,Optimal,35,97,97,True,True,True
chaining,"(294300165, 295200241)",0,Optimal,35,97,97,True,True,False
chaining,"(294300165, 295200241)",1,Optimal,35,97,97,True,True,True
chaining,"(294300165, 295201004)",0,Optimal,35,97,97,True,True,False
chaining,"(294300165, 295201004)",1,Optimal,35,97,97,True,True,True
chaining,"(294300165, 294100328)",0,Optimal,35,97,97,True,True,False
chaining,"(294300165, 294100328)",1,Optimal,35,97,97,True,True,True
chaining,"(294300165, 295200253)",0,Optimal,35,97,97,True,True,False
chaining,"(294300165, 295200253)",1,Optimal,35,97,97,True,True,True
chaining,"(294300165, 200000336)",0,Optimal,35,97,97,True,True,False
chaining,"(294300165, 200000336)",1,Optimal,35,97,97,True,True,True
chaining,"(294300165, 200090340)",0,Optimal,35,97,97,True,True,False
chaining,"(294300165, 200090340)",1,Optimal,35,97,97,True,True,True
chaining,"(294300165, 200000382)",0,Optimal,35,97,97,True,True,False
chaining,"(294300165, 200000382)",1,Optimal,35,97,97,True,True,True
chaining,"(294300165, 294100344)",0,Optimal,35,97,97,True,True,False
chaining,"(294300165, 294100344)",1,Optimal,35,97,97,True,True,True
chaining,"(294300165, 294100348)",0,Optimal,35,97,97,True,True,False
chaining,"(294300165, 294100348)",1,Optimal,35,97,97,True,True,True
chaining,"(294300165, 294100352)",0,Optimal,35,97,97,True,True,False
chaining,"(294300165, 294100352)",1,Optimal,36,96,96,False,False,True
chaining,"(294300165, 295200235)",0,Optimal,35,97,97,True,True,False
chaining,"(294300165, 295200235)",1,Optimal,36,96,96,False,False,True
chaining,"(294300165, 294200141)",0,Optimal,35,97,97,True,True,False
chaining,"(294300165, 294200141)",1,Optimal,35,97,97,True,True,True
chaining,"(294300165, 294200138)",0,Optimal,35,97,97,True,True,False
chaining,"(294300165, 294200138)",1,Optimal,35,97,97,True,True,True
chaining,"(294300167, 200090225)",0,Optimal,35,97,97,True,True,False
chaining,"(294300167, 200090225)",1,Optimal,35,97,97,True,True,True
chaining,"(294300167, 200000026)",0,Optimal,35,97,97,True,True,False
chaining,"(294300167, 200000026)",1,Optimal,36,96,96,False,False,True
chaining,"(294300167, 296200626)",0,Optimal,35,97,97,True,True,False
chaining,"(294300167, 296200626)",1,Optimal,35,97,97,True,True,True
chaining,"(294300167, 296200624)",0,Optimal,35,97,97,True,True,False
chaining,"(294300167, 296200624)",1,Optimal,35,97,97,True,True,True
chaining,"(294300165, 294200175)",0,Optimal,35,97,97,True,True,False
chaining,"(294300165, 294200175)",1,Optimal,35,97,97,True,True,True
chaining,"(294300165, 200090123)",0,Optimal,35,97,97,True,True,False
chaining,"(294300165, 200090123)",1,Optimal,35,97,97,True,True,True
chaining,"(294300165, 200000121)",0,Optimal,35,97,97,True,True,False
chaining,"(294300165, 200000121)",1,Optimal,35,97,97,True,True,True
chaining,"(294400182, 294300167)",0,Optimal,35,97,97,True,True,False
chaining,"(294400182, 294300167)",1,Optimal,35,97,97,True,True,True
chaining,"(294300167, 294300217)",0,Optimal,35,97,97,True,True,False
chaining,"(294300167, 294300217)",1,Optimal,35,97,97,True,True,True
chaining,"(294300167, 200090219)",0,Optimal,35,97,97,True,True,False
chaining,"(294300167, 200090219)",1,Optimal,35,97,97,True,True,True
chaining,"(294300167, 200000221)",0,Optimal,35,97,97,True,True,False
chaining,"(294300167, 200000221)",1,Optimal,35,97,97,True,True,True
chaining,"(294300167, 294400189)",0,Optimal,35,97,97,True,True,False
chaining,"(294300167, 294400189)",1,Optimal,35,97,97,True,True,True
chaining,"(294400182, 200000222)",0,Optimal,35,97,97,True,True,False
chaining,"(294400182, 200000222)",1,Optimal,35,97,97,True,True,True
chaining,"(294300211, 200000230)",0,Optimal,35,97,97,True,True,False
chaining,"(294300211, 200000230)",1,Optimal,36,96,96,False,False,True
chaining,"(294300211, 294300220)",0,Optimal,36,96,96,False,False,True
chaining,"(294300211, 294300220)",1,Optimal,35,97,97,True,True,False
chaining,"(294300211, 200090224)",0,Optimal,35,97,97,True,True,False
chaining,"(294300211, 200090224)",1,Optimal,36,96,96,False,False,True
chaining,"(294300211, 294300226)",0,Optimal,35,97,97,True,True,False
chaining,"(294300211, 294300226)",1,Optimal,36,96,96,False,False,True
chaining,"(294300167, 296000105)",0,Optimal,35,97,97,True,True,False
chaining,"(294300167, 296000105)",1,Optimal,35,97,97,True,True,True
chaining,"(294300167, 296000091)",0,Optimal,35,97,97,True,True,True
chaining,"(294300167, 296000091)",1,Optimal,35,97,97,True,True,False
chaining,"(294300167, 296000097)",0,Optimal,35,97,97,True,True,False
chaining,"(294300167, 296000097)",1,Optimal,35,97,97,True,True,True
chaining,"(294300167, 296200099)",0,Optimal,35,97,97,True,True,False
chaining,"(294300167, 296200099)",1,Optimal,35,97,97,True,True,True
chaining,"(294300167, 296200096)",0,Optimal,35,97,97,True,True,False
chaining,"(294300167, 296200096)",1,Optimal,35,97,97,True,True,True
chaining,"(294300167, 295800465)",0,Optimal,35,97,97,True,True,False
chaining,"(294300167, 295800465)",1,Optimal,35,97,97,True,True,True
chaining,"(294300167, 200090404)",0,Optimal,35,97,97,True,True,False
chaining,"(294300167, 200090404)",1,Optimal,35,97,97,True,True,True
chaining,"(294300167, 295800463)",0,Optimal,35,97,97,True,True,False
chaining,"(294300167, 295800463)",1,Optimal,35,97,97,True,True,True
chaining,"(294300167, 295800464)",0,Optimal,35,97,97,True,True,False
chaining,"(294300167, 295800464)",1,Optimal,35,97,97,True,True,True
chaining,"(294300167, 295200253)",0,Optimal,35,97,97,True,True,False
chaining,"(294300167, 295200253)",1,Optimal,35,97,97,True,True,True
chaining,"(294300167, 200000336)",0,Optimal,35,97,97,True,True,False
chaining,"(294300167, 200000336)",1,Optimal,35,97,97,True,True,True
chaining,"(294300167, 294100352)",0,Optimal,35,97,97,True,True,False
chaining,"(294300167, 294100352)",1,Optimal,36,96,96,False,False,True
chaining,"(294300167, 295200235)",0,Optimal,35,97,97,True,True,False
chaining,"(294300167, 295200235)",1,Optimal,36,96,96,False,False,True
chaining,"(294300167, 294200141)",0,Optimal,35,97,97,True,True,False
chaining,"(294300167, 294200141)",1,Optimal,35,97,97,True,True,True
chaining,"(294300167, 294200138)",0,Optimal,35,97,97,True,True,False
chaining,"(294300167, 294200138)",1,Optimal,35,97,97,True,True,True
chaining,"(294300216, 200000026)",0,Optimal,35,97,97,True,True,False
chaining,"(294300216, 200000026)",1,Optimal,36,96,96,False,False,True
chaining,"(294300216, 296200626)",0,Optimal,35,97,97,True,True,False
chaining,"(294300216, 296200626)",1,Optimal,35,97,97,True,True,True
chaining,"(294300216, 296200624)",0,Optimal,35,97,97,True,True,False
chaining,"(294300216, 296200624)",1,Optimal,35,97,97,True,True,True
chaining,"(294300216, 296200099)",0,Optimal,35,97,97,True,True,False
chaining,"(294300216, 296200099)",1,Optimal,35,97,97,True,True,True
chaining,"(294300167, 200090340)",0,Optimal,35,97,97,True,True,False
chaining,"(294300167, 200090340)",1,Optimal,35,97,97,True,True,True
chaining,"(294300167, 200000382)",0,Optimal,35,97,97,True,True,False
chaining,"(294300167, 200000382)",1,Optimal,35,97,97,True,True,True
chaining,"(294300167, 294100344)",0,Optimal,35,97,97,True,True,False
chaining,"(294300167, 294100344)",1,Optimal,35,97,97,True,True,True
chaining,"(294300167, 294100348)",0,Optimal,35,97,97,True,True,False
chaining,"(294300167, 294100348)",1,Optimal,35,97,97,True,True,True
chaining,"(294300167, 294200175)",0,Optimal,35,97,97,True,True,False
chaining,"(294300167, 294200175)",1,Optimal,35,97,97,True,True,True
chaining,"(294300167, 200090123)",0,Optimal,35,97,97,True,True,False
chaining,"(294300167, 200090123)",1,Optimal,35,97,97,True,True,True
chaining,"(294300215, 200000230)",0,Optimal,35,97,97,True,True,False
chaining,"(294300215, 200000230)",1,Optimal,36,96,96,False,False,True
chaining,"(294300215, 200090224)",0,Optimal,36,96,96,False,False,True
chaining,"(294300215, 200090224)",1,Optimal,35,97,97,True,True,False
chaining,"(294300216, 200090219)",0,Optimal,35,97,97,True,True,False
chaining,"(294300216, 200090219)",1,Optimal,35,97,97,True,True,True
chaining,"(294300216, 200000221)",0,Optimal,35,97,97,True,True,False
chaining,"(294300216, 200000221)",1,Optimal,35,97,97,True,True,True
chaining,"(294300216, 294400189)",0,Optimal,35,97,97,True,True,False
chaining,"(294300216, 294400189)",1,Optimal,35,97,97,True,True,True
chaining,"(294300216, 200090225)",0,Optimal,35,97,97,True,True,False
chaining,"(294300216, 200090225)",1,Optimal,35,97,97,True,True,True
chaining,"(294300216, 295800464)",0,Optimal,35,97,97,True,True,False
chaining,"(294300216, 295800464)",1,Optimal,35,97,97,True,True,True
chaining,"(294300216, 200000336)",0,Optimal,35,97,97,True,True,False
chaining,"(294300216, 200000336)",1,Optimal,35,97,97,True,True,True
chaining,"(294300216, 200090340)",0,Optimal,35,97,97,True,True,False
chaining,"(294300216, 200090340)",1,Optimal,35,97,97,True,True,True
chaining,"(294300216, 200000382)",0,Optimal,35,97,97,True,True,False
chaining,"(294300216, 200000382)",1,Optimal,35,97,97,True,True,True
chaining,"(294300215, 294300226)",0,Optimal,35,97,97,True,True,False
chaining,"(294300215, 294300226)",1,Optimal,36,96,96,False,False,True
chaining,"(294300216, 296000105)",0,Optimal,35,97,97,True,True,False
chaining,"(294300216, 296000105)",1,Optimal,35,97,97,True,True,True
chaining,"(294300216, 296000091)",0,Optimal,35,97,97,True,True,False
chaining,"(294300216, 296000091)",1,Optimal,35,97,97,True,True,True
chaining,"(294300216, 296000097)",0,Optimal,35,97,97,True,True,False
chaining,"(294300216, 296000097)",1,Optimal,35,97,97,True,True,True
chaining,"(294300216, 296200096)",0,Optimal,35,97,97,True,True,False
chaining,"(294300216, 296200096)",1,Optimal,35,97,97,True,True,True
chaining,"(294300216, 295800465)",0,Optimal,35,97,97,True,True,False
chaining,"(294300216, 295800465)",1,Optimal,35,97,97,True,True,True
chaining,"(294300216, 200090404)",0,Optimal,35,97,97,True,True,False
chaining,"(294300216, 200090404)",1,Optimal,35,97,97,True,True,True
chaining,"(294300216, 295800463)",0,Optimal,35,97,97,True,True,False
chaining,"(294300216, 295800463)",1,Optimal,35,97,97,True,True,True
chaining,"(294300216, 294200141)",0,Optimal,35,97,97,True,True,False
chaining,"(294300216, 294200141)",1,Optimal,35,97,97,True,True,True
chaining,"(294300216, 294200138)",0,Optimal,35,97,97,True,True,False
chaining,"(294300216, 294200138)",1,Optimal,35,97,97,True,True,True
chaining,"(294300216, 294200175)",0,Optimal,35,97,97,True,True,False
chaining,"(294300216, 294200175)",1,Optimal,35,97,97,True,True,True
chaining,"(294300217, 200000222)",0,Optimal,35,97,97,True,True,True
chaining,"(294300217, 200000222)",1,Optimal,35,97,97,True,True,False
chaining,"(294300216, 294100344)",0,Optimal,35,97,97,True,True,True
chaining,"(294300216, 294100344)",1,Optimal,35,97,97,True,True,False
chaining,"(294300216, 294100348)",0,Optimal,35,97,97,True,True,False
chaining,"(294300216, 294100348)",1,Optimal,35,97,97,True,True,True
chaining,"(294300216, 294100352)",0,Optimal,35,97,97,True,True,False
chaining,"(294300216, 294100352)",1,Optimal,36,96,96,False,False,True
chaining,"(294300216, 295200235)",0,Optimal,35,97,97,True,True,False
chaining,"(294300216, 295200235)",1,Optimal,36,96,96,False,False,True
chaining,"(294300220, 295800463)",0,Optimal,35,97,97,True,True,False
chaining,"(294300220, 295800463)",1,Optimal,35,97,97,True,True,True
chaining,"(294300220, 295800464)",0,Optimal,35,97,97,True,True,False
chaining,"(294300220, 295800464)",1,Optimal,35,97,97,True,True,True
chaining,"(294300220, 200000382)",0,Optimal,35,97,97,True,True,False
chaining,"(294300220, 200000382)",1,Optimal,35,97,97,True,True,True
chaining,"(294300220, 294100344)",0,Optimal,35,97,97,True,True,False
chaining,"(294300220, 294100344)",1,Optimal,35,97,97,True,True,True
chaining,"(200090219, 200000230)",0,Optimal,35,97,97,True,True,False
chaining,"(200090219, 200000230)",1,Optimal,36,96,96,False,False,True
chaining,"(200090219, 294300226)",0,Optimal,36,96,96,False,False,True
chaining,"(200090219, 294300226)",1,Optimal,35,97,97,True,True,False
chaining,"(294300220, 296000105)",0,Optimal,35,97,97,True,True,False
chaining,"(294300220, 296000105)",1,Optimal,35,97,97,True,True,True
chaining,"(294300220, 294400189)",0,Optimal,35,97,97,True,True,False
chaining,"(294300220, 294400189)",1,Optimal,35,97,97,True,True,True
chaining,"(294300220, 294200138)",0,Optimal,35,97,97,True,True,False
chaining,"(294300220, 294200138)",1,Optimal,35,97,97,True,True,True
chaining,"(200000221, 200000230)",0,Optimal,35,97,97,True,True,True
chaining,"(200000221, 200000230)",1,Optimal,35,97,97,True,True,False
chaining,"(200000222, 200090225)",0,Optimal,35,97,97,True,True,True
chaining,"(200000222, 200090225)",1,Optimal,35,97,97,True,True,False
chaining,"(200000222, 200000026)",0,Optimal,35,97,97,True,True,False
chaining,"(200000222, 200000026)",1,Optimal,36,96,96,False,False,True
chaining,"(294300220, 200090225)",0,Optimal,35,97,97,True,True,False
chaining,"(294300220, 200090225)",1,Optimal,35,97,97,True,True,True
chaining,"(294300220, 200000026)",0,Optimal,35,97,97,True,True,False
chaining,"(294300220, 200000026)",1,Optimal,36,96,96,False,False,True
chaining,"(294300220, 296200626)",0,Optimal,35,97,97,True,True,False
chaining,"(294300220, 296200626)",1,Optimal,35,97,97,True,True,True
chaining,"(294300220, 296200624)",0,Optimal,35,97,97,True,True,False
chaining,"(294300220, 296200624)",1,Optimal,35,97,97,True,True,True
chaining,"(294300220, 294100348)",0,Optimal,35,97,97,True,True,True
chaining,"(294300220, 294100348)",1,Optimal,35,97,97,True,True,False
chaining,"(294300220, 294100352)",0,Optimal,35,97,97,True,True,False
chaining,"(294300220, 294100352)",1,Optimal,36,96,96,False,False,True
chaining,"(294300220, 295200235)",0,Optimal,35,97,97,True,True,False
chaining,"(294300220, 295200235)",1,Optimal,36,96,96,False,False,True
chaining,"(294300220, 294200141)",0,Optimal,35,97,97,True,True,False
chaining,"(294300220, 294200141)",1,Optimal,35,97,97,True,True,True
chaining,"(200000222, 296200626)",0,Optimal,35,97,97,True,True,False
chaining,"(200000222, 296200626)",1,Optimal,35,97,97,True,True,True
chaining,"(200000222, 295800464)",0,Optimal,35,97,97,True,True,False
chaining,"(200000222, 295800464)",1,Optimal,35,97,97,True,True,True
chaining,"(200000222, 294100348)",0,Optimal,35,97,97,True,True,False
chaining,"(200000222, 294100348)",1,Optimal,35,97,97,True,True,True
chaining,"(200000222, 294100352)",0,Optimal,35,97,97,True,True,False
chaining,"(200000222, 294100352)",1,Optimal,36,96,96,False,False,True
chaining,"(200000222, 295200235)",0,Optimal,35,97,97,True,True,False
chaining,"(200000222, 295200235)",1,Optimal,36,96,96,False,False,True
chaining,"(200000222, 294200141)",0,Optimal,35,97,97,True,True,False
chaining,"(200000222, 294200141)",1,Optimal,35,97,97,True,True,True
chaining,"(294400189, 200000230)",0,Optimal,35,97,97,True,True,False
chaining,"(294400189, 200000230)",1,Optimal,35,97,97,True,True,True
chaining,"(200090224, 200000026)",0,Optimal,35,97,97,True,True,False
chaining,"(200090224, 200000026)",1,Optimal,35,97,97,True,True,True
chaining,"(200090224, 294100352)",0,Optimal,35,97,97,True,True,True
chaining,"(200090224, 294100352)",1,Optimal,35,97,97,True,True,False
chaining,"(200090224, 295200235)",0,Optimal,35,97,97,True,True,False
chaining,"(200090224, 295200235)",1,Optimal,35,97,97,True,True,True
chaining,"(294300226, 295200235)",0,Optimal,35,97,97,True,True,False
chaining,"(294300226, 295200235)",1,Optimal,35,97,97,True,True,True
chaining,"(294300238, 296000081)",0,Optimal,35,97,97,True,True,True
chaining,"(294300238, 296000081)",1,Optimal,35,97,97,True,True,False
chaining,"(294300238, 296000105)",0,Optimal,35,97,97,True,True,False
chaining,"(294300238, 296000105)",1,Optimal,35,97,97,True,True,True
chaining,"(294300238, 200090702)",0,Optimal,35,97,97,True,True,False
chaining,"(294300238, 200090702)",1,Optimal,35,97,97,True,True,True
chaining,"(294300238, 296000091)",0,Optimal,35,97,97,True,True,False
chaining,"(294300238, 296000091)",1,Optimal,35,97,97,True,True,True
chaining,"(294300238, 296000097)",0,Optimal,35,97,97,True,True,False
chaining,"(294300238, 296000097)",1,Optimal,35,97,97,True,True,True
chaining,"(294300238, 200000221)",0,Optimal,35,97,97,True,True,False
chaining,"(294300238, 200000221)",1,Optimal,35,97,97,True,True,True
chaining,"(294300238, 294400189)",0,Optimal,35,97,97,True,True,False
chaining,"(294300238, 294400189)",1,Optimal,35,97,97,True,True,True
chaining,"(294300238, 200090225)",0,Optimal,35,97,97,True,True,False
chaining,"(294300238, 200090225)",1,Optimal,35,97,97,True,True,True
chaining,"(294300238, 200000026)",0,Optimal,35,97,97,True,True,False
chaining,"(294300238, 200000026)",1,Optimal,36,96,96,False,False,True
chaining,"(294300238, 294300211)",0,Optimal,35,97,97,True,True,False
chaining,"(294300238, 294300211)",1,Optimal,35,97,97,True,True,True
chaining,"(294300238, 294300215)",0,Optimal,35,97,97,True,True,False
chaining,"(294300238, 294300215)",1,Optimal,35,97,97,True,True,True
chaining,"(294300238, 294300217)",0,Optimal,35,97,97,True,True,False
chaining,"(294300238, 294300217)",1,Optimal,35,97,97,True,True,True
chaining,"(294300238, 200090219)",0,Optimal,35,97,97,True,True,False
chaining,"(294300238, 200090219)",1,Optimal,35,97,97,True,True,True
chaining,"(294300238, 296000100)",0,Optimal,35,97,97,True,True,False
chaining,"(294300238, 296000100)",1,Optimal,35,97,97,True,True,True
chaining,"(294300238, 294400173)",0,Optimal,35,97,97,True,True,False
chaining,"(294300238, 294400173)",1,Optimal,35,97,97,True,True,True
chaining,"(294300238, 200000229)",0,Optimal,35,97,97,True,True,False
chaining,"(294300238, 200000229)",1,Optimal,35,97,97,True,True,True
chaining,"(294300238, 294400182)",0,Optimal,35,97,97,True,True,False
chaining,"(294300238, 294400182)",1,Optimal,35,97,97,True,True,True
chaining,"(294300238, 296200093)",0,Optimal,35,97,97,True,True,False
chaining,"(294300238, 296200093)",1,Optimal,35,97,97,True,True,True
chaining,"(294300238, 296200088)",0,Optimal,35,97,97,True,True,False
chaining,"(294300238, 296200088)",1,Optimal,35,97,97,True,True,True
chaining,"(294300238, 200090682)",0,Optimal,35,97,97,True,True,False
chaining,"(294300238, 200090682)",1,Optimal,35,97,97,True,True,True
chaining,"(294300238, 296200102)",0,Optimal,35,97,97,True,True,False
chaining,"(294300238, 296200102)",1,Optimal,35,97,97,True,True,True
chaining,"(294300238, 296200101)",0,Optimal,35,97,97,True,True,False
chaining,"(294300238, 296200101)",1,Optimal,35,97,97,True,True,True
chaining,"(294300238, 296200098)",0,Optimal,35,97,97,True,True,False
chaining,"(294300238, 296200098)",1,Optimal,35,97,97,True,True,True
chaining,"(294300238, 200090402)",0,Optimal,35,97,97,True,True,False
chaining,"(294300238, 200090402)",1,Optimal,35,97,97,True,True,True
chaining,"(294300238, 295800465)",0,Optimal,35,97,97,True,True,False
chaining,"(294300238, 295800465)",1,Optimal,35,97,97,True,True,True
chaining,"(294300238, 200090404)",0,Optimal,35,97,97,True,True,False
chaining,"(294300238, 200090404)",1,Optimal,35,97,97,True,True,True
chaining,"(294300238, 295800463)",0,Optimal,35,97,97,True,True,False
chaining,"(294300238, 295800463)",1,Optimal,35,97,97,True,True,True
chaining,"(294300238, 295800464)",0,Optimal,35,97,97,True,True,False
chaining,"(294300238, 295800464)",1,Optimal,35,97,97,True,True,True
chaining,"(294300238, 295200225)",0,Optimal,35,97,97,True,True,False
chaining,"(294300238, 295200225)",1,Optimal,35,97,97,True,True,True
chaining,"(294300238, 296200626)",0,Optimal,35,97,97,True,True,False
chaining,"(294300238, 296200626)",1,Optimal,35,97,97,True,True,True
chaining,"(294300238, 296200624)",0,Optimal,35,97,97,True,True,False
chaining,"(294300238, 296200624)",1,Optimal,35,97,97,True,True,True
chaining,"(294300238, 296200099)",0,Optimal,35,97,97,True,True,False
chaining,"(294300238, 296200099)",1,Optimal,35,97,97,True,True,True
chaining,"(294300238, 296200096)",0,Optimal,35,97,97,True,True,False
chaining,"(294300238, 296200096)",1,Optimal,35,97,97,True,True,True
chaining,"(294300238, 295201004)",0,Optimal,35,97,97,True,True,False
chaining,"(294300238, 295201004)",1,Optimal,35,97,97,True,True,True
chaining,"(294300238, 294100328)",0,Optimal,35,97,97,True,True,False
chaining,"(294300238, 294100328)",1,Optimal,35,97,97,True,True,True
chaining,"(294300238, 295200253)",0,Optimal,35,97,97,True,True,False
chaining,"(294300238, 295200253)",1,Optimal,35,97,97,True,True,True
chaining,"(294300238, 200000336)",0,Optimal,35,97,97,True,True,False
chaining,"(294300238, 200000336)",1,Optimal,35,97,97,True,True,True
chaining,"(294300238, 200090340)",0,Optimal,35,97,97,True,True,False
chaining,"(294300238, 200090340)",1,Optimal,35,97,97,True,True,True
chaining,"(294300238, 200000382)",0,Optimal,35,97,97,True,True,False
chaining,"(294300238, 200000382)",1,Optimal,35,97,97,True,True,True
chaining,"(294300238, 294100344)",0,Optimal,35,97,97,True,True,False
chaining,"(294300238, 294100344)",1,Optimal,35,97,97,True,True,True
chaining,"(294300238, 294100348)",0,Optimal,35,97,97,True,True,False
chaining,"(294300238, 294100348)",1,Optimal,35,97,97,True,True,True
chaining,"(294300238, 200090308)",0,Optimal,35,97,97,True,True,False
chaining,"(294300238, 200090308)",1,Optimal,35,97,97,True,True,True
chaining,"(294300238, 295200233)",0,Optimal,35,97,97,True,True,False
chaining,"(294300238, 295200233)",1,Optimal,35,97,97,True,True,True
chaining,"(294300238, 294100316)",0,Optimal,35,97,97,True,True,False
chaining,"(294300238, 294100316)",1,Optimal,35,97,97,True,True,True
chaining,"(294300238, 295200241)",0,Optimal,35,97,97,True,True,False
chaining,"(294300238, 295200241)",1,Optimal,35,97,97,True,True,True
chaining,"(296800442, 294100823)",0,Optimal,35,97,97,True,True,False
chaining,"(296800442, 294100823)",1,Optimal,35,97,97,True,True,True
chaining,"(296800442, 295700445)",0,Optimal,35,97,97,True,True,False
chaining,"(296800442, 295700445)",1,Optimal,35,97,97,True,True,True
chaining,"(296500087, 296800442)",0,Optimal,36,96,96,False,False,True
chaining,"(296500087, 296800442)",1,Optimal,35,97,97,True,True,False
chaining,"(296500087, 294100826)",0,Optimal,35,97,97,True,True,False
chaining,"(296500087, 294100826)",1,Optimal,36,96,96,False,False,True
chaining,"(294300238, 294200175)",0,Optimal,35,97,97,True,True,False
chaining,"(294300238, 294200175)",1,Optimal,35,97,97,True,True,True
chaining,"(294300238, 200090123)",0,Optimal,35,97,97,True,True,False
chaining,"(294300238, 200090123)",1,Optimal,35,97,97,True,True,True
chaining,"(294300238, 200000121)",0,Optimal,35,97,97,True,True,False
chaining,"(294300238, 200000121)",1,Optimal,35,97,97,True,True,True
chaining,"(294300238, 294200147)",0,Optimal,35,97,97,True,True,False
chaining,"(294300238, 294200147)",1,Optimal,35,97,97,True,True,True
chaining,"(294300238, 294100352)",0,Optimal,35,97,97,True,True,False
chaining,"(294300238, 294100352)",1,Optimal,36,96,96,False,False,True
chaining,"(294300238, 295200235)",0,Optimal,35,97,97,True,True,False
chaining,"(294300238, 295200235)",1,Optimal,36,96,96,False,False,True
chaining,"(294300238, 294200141)",0,Optimal,35,97,97,True,True,False
chaining,"(294300238, 294200141)",1,Optimal,35,97,97,True,True,True
chaining,"(294300238, 294200138)",0,Optimal,35,97,97,True,True,False
chaining,"(294300238, 294200138)",1,Optimal,35,97,97,True,True,True
chaining,"(294300238, 294200133)",0,Optimal,35,97,97,True,True,False
chaining,"(294300238, 294200133)",1,Optimal,35,97,97,True,True,True
chaining,"(296800442, 294100827)",0,Optimal,35,97,97,True,True,False
chaining,"(296800442, 294100827)",1,Optimal,35,97,97,True,True,True
chaining,"(296800442, 200000030)",0,Optimal,35,97,97,True,True,True
chaining,"(296800442, 200000030)",1,Optimal,35,97,97,True,True,False
chaining,"(296800442, 200000817)",0,Optimal,35,97,97,True,True,False
chaining,"(296800442, 200000817)",1,Optimal,35,97,97,True,True,True
chaining,"(296500087, 296600062)",0,Optimal,35,97,97,True,True,False
chaining,"(296500087, 296600062)",1,Optimal,36,96,96,False,False,True
chaining,"(296500087, 200000029)",0,Optimal,35,97,97,True,True,False
chaining,"(296500087, 200000029)",1,Optimal,36,96,96,False,False,True
chaining,"(296500087, 296200629)",0,Optimal,35,97,97,True,True,False
chaining,"(296500087, 296200629)",1,Optimal,36,96,96,False,False,True
chaining,"(296500087, 296200627)",0,Optimal,35,97,97,True,True,False
chaining,"(296500087, 296200627)",1,Optimal,36,96,96,False,False,True
chaining,"(296500087, 294100824)",0,Optimal,35,97,97,True,True,False
chaining,"(296500087, 294100824)",1,Optimal,36,96,96,False,False,True
chaining,"(296500087, 296600054)",0,Optimal,35,97,97,True,True,False
chaining,"(296500087, 296600054)",1,Optimal,36,96,96,False,False,True
chaining,"(296500087, 296600060)",0,Optimal,35,97,97,True,True,False
chaining,"(296500087, 296600060)",1,Optimal,36,96,96,False,False,True
chaining,"(296500087, 296600058)",0,Optimal,35,97,97,True,True,False
chaining,"(296500087, 296600058)",1,Optimal,36,96,96,False,False,True
chaining,"(296500087, 296200625)",0,Optimal,35,97,97,True,True,False
chaining,"(296500087, 296200625)",1,Optimal,36,96,96,False,False,True
chaining,"(296500087, 296100047)",0,Optimal,35,97,97,True,True,False
chaining,"(296500087, 296100047)",1,Optimal,36,96,96,False,False,True
chaining,"(296500087, 296100041)",0,Optimal,35,97,97,True,True,False
chaining,"(296500087, 296100041)",1,Optimal,36,96,96,False,False,True
chaining,"(296500087, 296100057)",0,Optimal,35,97,97,True,True,False
chaining,"(296500087, 296100057)",1,Optimal,36,96,96,False,False,True
chaining,"(296500087, 296100048)",0,Optimal,35,97,97,True,True,False
chaining,"(296500087, 296100048)",1,Optimal,36,96,96,False,False,True
chaining,"(296500087, 296100045)",0,Optimal,35,97,97,True,True,False
chaining,"(296500087, 296100045)",1,Optimal,36,96,96,False,False,True
chaining,"(294100827, 294100826)",0,Optimal,35,97,97,True,True,True
chaining,"(294100827, 294100826)",1,Optimal,35,97,97,True,True,False
chaining,"(294100827, 296200629)",0,Optimal,35,97,97,True,True,False
chaining,"(294100827, 296200629)",1,Optimal,35,97,97,True,True,True
chaining,"(296500082, 294100826)",0,Optimal,35,97,97,True,True,False
chaining,"(296500082, 294100826)",1,Optimal,36,96,96,False,False,True
chaining,"(296500082, 294100824)",0,Optimal,35,97,97,True,True,False
chaining,"(296500082, 294100824)",1,Optimal,36,96,96,False,False,True
chaining,"(296500082, 296600054)",0,Optimal,35,97,97,True,True,False
chaining,"(296500082, 296600054)",1,Optimal,36,96,96,False,False,True
chaining,"(296500082, 296600060)",0,Optimal,35,97,97,True,True,False
chaining,"(296500082, 296600060)",1,Optimal,36,96,96,False,False,True
chaining,"(296500082, 296600058)",0,Optimal,35,97,97,True,True,False
chaining,"(296500082, 296600058)",1,Optimal,36,96,96,False,False,True
chaining,"(296500082, 296600062)",0,Optimal,35,97,97,True,True,False
chaining,"(296500082, 296600062)",1,Optimal,36,96,96,False,False,True
chaining,"(296500082, 200000029)",0,Optimal,35,97,97,True,True,False
chaining,"(296500082, 200000029)",1,Optimal,36,96,96,False,False,True
chaining,"(296500082, 296200629)",0,Optimal,35,97,97,True,True,False
chaining,"(296500082, 296200629)",1,Optimal,36,96,96,False,False,True
chaining,"(296500082, 296100057)",0,Optimal,35,97,97,True,True,False
chaining,"(296500082, 296100057)",1,Optimal,36,96,96,False,False,True
chaining,"(296500082, 296100048)",0,Optimal,35,97,97,True,True,False
chaining,"(296500082, 296100048)",1,Optimal,36,96,96,False,False,True
chaining,"(296500082, 296100045)",0,Optimal,36,96,96,False,False,True
chaining,"(296500082, 296100045)",1,Optimal,35,97,97,True,True,False
chaining,"(296600054, 294100827)",0,Optimal,35,97,97,True,True,False
chaining,"(296600054, 294100827)",1,Optimal,35,97,97,True,True,True
chaining,"(296500082, 296200627)",0,Optimal,35,97,97,True,True,False
chaining,"(296500082, 296200627)",1,Optimal,36,96,96,False,False,True
chaining,"(296500082, 296200625)",0,Optimal,35,97,97,True,True,False
chaining,"(296500082, 296200625)",1,Optimal,36,96,96,False,False,True
chaining,"(296500082, 296100047)",0,Optimal,35,97,97,True,True,False
chaining,"(296500082, 296100047)",1,Optimal,36,96,96,False,False,True
chaining,"(296500082, 296100041)",0,Optimal,35,97,97,True,True,False
chaining,"(296500082, 296100041)",1,Optimal,36,96,96,False,False,True
chaining,"(296500084, 296200627)",0,Optimal,35,97,97,True,True,False
chaining,"(296500084, 296200627)",1,Optimal,36,96,96,False,False,True
chaining,"(296500084, 296200625)",0,Optimal,35,97,97,True,True,False
chaining,"(296500084, 296200625)",1,Optimal,36,96,96,False,False,True
chaining,"(296500084, 296100047)",0,Optimal,35,97,97,True,True,False
chaining,"(296500084, 296100047)",1,Optimal,36,96,96,False,False,True
chaining,"(296500084, 296100041)",0,Optimal,35,97,97,True,True,False
chaining,"(296500084, 296100041)",1,Optimal,35,97,97,True,True,True
chaining,"(296600054, 200000030)",0,Optimal,35,97,97,True,True,False
chaining,"(296600054, 200000030)",1,Optimal,35,97,97,True,True,True
chaining,"(296600054, 200000817)",0,Optimal,35,97,97,True,True,True
chaining,"(296600054, 200000817)",1,Optimal,35,97,97,True,True,False
chaining,"(296600054, 294100823)",0,Optimal,35,97,97,True,True,False
chaining,"(296600054, 294100823)",1,Optimal,35,97,97,True,True,True
chaining,"(296600054, 295700445)",0,Optimal,35,97,97,True,True,False
chaining,"(296600054, 295700445)",1,Optimal,35,97,97,True,True,True
chaining,"(296500084, 294100826)",0,Optimal,35,97,97,True,True,False
chaining,"(296500084, 294100826)",1,Optimal,36,96,96,False,False,True
chaining,"(296500084, 294100824)",0,Optimal,35,97,97,True,True,False
chaining,"(296500084, 294100824)",1,Optimal,36,96,96,False,False,True
chaining,"(296500084, 296600054)",0,Optimal,35,97,97,True,True,True
chaining,"(296500084, 296600054)",1,Optimal,35,97,97,True,True,False
chaining,"(296500084, 296600060)",0,Optimal,35,97,97,True,True,False
chaining,"(296500084, 296600060)",1,Optimal,35,97,97,True,True,True
chaining,"(296500085, 296600060)",0,Optimal,35,97,97,True,True,False
chaining,"(296500085, 296600060)",1,Optimal,35,97,97,True,True,True
chaining,"(296500085, 296600058)",0,Optimal,35,97,97,True,True,False
chaining,"(296500085, 296600058)",1,Optimal,36,96,96,False,False,True
chaining,"(296500085, 296600062)",0,Optimal,35,97,97,True,True,False
chaining,"(296500085, 296600062)",1,Optimal,36,96,96,False,False,True
chaining,"(296500085, 200000029)",0,Optimal,35,97,97,True,True,False
chaining,"(296500085, 200000029)",1,Optimal,36,96,96,False,False,True
chaining,"(296500084, 296600058)",0,Optimal,35,97,97,True,True,False
chaining,"(296500084, 296600058)",1,Optimal,36,96,96,False,False,True
chaining,"(296500084, 296600062)",0,Optimal,35,97,97,True,True,False
chaining,"(296500084, 296600062)",1,Optimal,36,96,96,False,False,True
chaining,"(296500084, 200000029)",0,Optimal,35,97,97,True,True,False
chaining,"(296500084, 200000029)",1,Optimal,36,96,96,False,False,True
chaining,"(296500084, 296200629)",0,Optimal,35,97,97,True,True,False
chaining,"(296500084, 296200629)",1,Optimal,36,96,96,False,False,True
chaining,"(296500085, 296200629)",0,Optimal,35,97,97,True,True,False
chaining,"(296500085, 296200629)",1,Optimal,36,96,96,False,False,True
chaining,"(296500085, 296200627)",0,Optimal,35,97,97,True,True,False
chaining,"(296500085, 296200627)",1,Optimal,36,96,96,False,False,True
chaining,"(296500085, 296200625)",0,Optimal,35,97,97,True,True,False
chaining,"(296500085, 296200625)",1,Optimal,36,96,96,False,False,True
chaining,"(296500085, 296100047)",0,Optimal,35,97,97,True,True,False
chaining,"(296500085, 296100047)",1,Optimal,36,96,96,False,False,True
chaining,"(296500084, 296100057)",0,Optimal,35,97,97,True,True,False
chaining,"(296500084, 296100057)",1,Optimal,35,97,97,True,True,True
chaining,"(296500084, 296100048)",0,Optimal,35,97,97,True,True,False
chaining,"(296500084, 296100048)",1,Optimal,35,97,97,True,True,True
chaining,"(296500085, 294100826)",0,Optimal,35,97,97,True,True,False
chaining,"(296500085, 294100826)",1,Optimal,36,96,96,False,False,True
chaining,"(296500085, 294100824)",0,Optimal,35,97,97,True,True,False
chaining,"(296500085, 294100824)",1,Optimal,36,96,96,False,False,True
chaining,"(296600060, 294100823)",0,Optimal,35,97,97,True,True,True
chaining,"(296600060, 294100823)",1,Optimal,35,97,97,True,True,False
chaining,"(296600060, 295700445)",0,Optimal,35,97,97,True,True,False
chaining,"(296600060, 295700445)",1,Optimal,35,97,97,True,True,True
chaining,"(200000030, 294100826)",0,Optimal,35,97,97,True,True,False
chaining,"(200000030, 294100826)",1,Optimal,35,97,97,True,True,True
chaining,"(200000030, 294100824)",0,Optimal,35,97,97,True,True,False
chaining,"(200000030, 294100824)",1,Optimal,35,97,97,True,True,True
chaining,"(296500085, 296100041)",0,Optimal,35,97,97,True,True,False
chaining,"(296500085, 296100041)",1,Optimal,35,97,97,True,True,True
chaining,"(296500085, 296100057)",0,Optimal,35,97,97,True,True,True
chaining,"(296500085, 296100057)",1,Optimal,35,97,97,True,True,False
chaining,"(296600060, 294100827)",0,Optimal,35,97,97,True,True,False
chaining,"(296600060, 294100827)",1,Optimal,35,97,97,True,True,True
chaining,"(296600060, 200000817)",0,Optimal,35,97,97,True,True,False
chaining,"(296600060, 200000817)",1,Optimal,35,97,97,True,True,True
chaining,"(200000030, 296600058)",0,Optimal,35,97,97,True,True,True
chaining,"(200000030, 296600058)",1,Optimal,35,97,97,True,True,False
chaining,"(200000030, 296600062)",0,Optimal,35,97,97,True,True,False
chaining,"(200000030, 296600062)",1,Optimal,35,97,97,True,True,True
chaining,"(200000030, 200000029)",0,Optimal,35,97,97,True,True,False
chaining,"(200000030, 200000029)",1,Optimal,35,97,97,True,True,True
chaining,"(200000030, 296200629)",0,Optimal,35,97,97,True,True,False
chaining,"(200000030, 296200629)",1,Optimal,35,97,97,True,True,True
chaining,"(200000030, 296200627)",0,Optimal,35,97,97,True,True,False
chaining,"(200000030, 296200627)",1,Optimal,35,97,97,True,True,True
chaining,"(200000030, 296200625)",0,Optimal,35,97,97,True,True,False
chaining,"(200000030, 296200625)",1,Optimal,35,97,97,True,True,True
chaining,"(200000030, 296100047)",0,Optimal,35,97,97,True,True,False
chaining,"(200000030, 296100047)",1,Optimal,35,97,97,True,True,True
chaining,"(296600058, 294100827)",0,Optimal,35,97,97,True,True,True
chaining,"(296600058, 294100827)",1,Optimal,35,97,97,True,True,False
chaining,"(294100823, 294100826)",0,Optimal,35,97,97,True,True,False
chaining,"(294100823, 294100826)",1,Optimal,35,97,97,True,True,True
chaining,"(294100823, 294100824)",0,Optimal,35,97,97,True,True,False
chaining,"(294100823, 294100824)",1,Optimal,35,97,97,True,True,True
chaining,"(294100823, 200000029)",0,Optimal,35,97,97,True,True,False
chaining,"(294100823, 200000029)",1,Optimal,35,97,97,True,True,True
chaining,"(294100823, 296200629)",0,Optimal,35,97,97,True,True,False
chaining,"(294100823, 296200629)",1,Optimal,35,97,97,True,True,True
chaining,"(200000817, 296200629)",0,Optimal,35,97,97,True,True,False
chaining,"(200000817, 296200629)",1,Optimal,35,97,97,True,True,True
chaining,"(200000817, 296200627)",0,Optimal,35,97,97,True,True,False
chaining,"(200000817, 296200627)",1,Optimal,35,97,97,True,True,True
chaining,"(200000817, 296200625)",0,Optimal,35,97,97,True,True,True
chaining,"(200000817, 296200625)",1,Optimal,35,97,97,True,True,False
chaining,"(296600062, 294100361)",0,Optimal,35,97,97,True,True,False
chaining,"(296600062, 294100361)",1,Optimal,35,97,97,True,True,True
chaining,"(296100042, 294300215)",0,Optimal,35,97,97,True,True,True
chaining,"(296100042, 294300215)",1,Optimal,35,97,97,True,True,False
chaining,"(296100042, 294300217)",0,Optimal,35,97,97,True,True,False
chaining,"(296100042, 294300217)",1,Optimal,35,97,97,True,True,True
chaining,"(296100042, 200090219)",0,Optimal,35,97,97,True,True,False
chaining,"(296100042, 200090219)",1,Optimal,35,97,97,True,True,True
chaining,"(296100042, 200000221)",0,Optimal,35,97,97,True,True,False
chaining,"(296100042, 200000221)",1,Optimal,35,97,97,True,True,True
chaining,"(294100823, 296200627)",0,Optimal,35,97,97,True,True,True
chaining,"(294100823, 296200627)",1,Optimal,35,97,97,True,True,False
chaining,"(294100823, 296200625)",0,Optimal,35,97,97,True,True,False
chaining,"(294100823, 296200625)",1,Optimal,35,97,97,True,True,True
chaining,"(296100042, 296000081)",0,Optimal,35,97,97,True,True,False
chaining,"(296100042, 296000081)",1,Optimal,35,97,97,True,True,True
chaining,"(296100042, 296000105)",0,Optimal,35,97,97,True,True,False
chaining,"(296100042, 296000105)",1,Optimal,35,97,97,True,True,True
chaining,"(200000817, 294100826)",0,Optimal,35,97,97,True,True,False
chaining,"(200000817, 294100826)",1,Optimal,35,97,97,True,True,True
chaining,"(200000817, 294100824)",0,Optimal,35,97,97,True,True,False
chaining,"(200000817, 294100824)",1,Optimal,35,97,97,True,True,True
chaining,"(200000817, 296600062)",0,Optimal,35,97,97,True,True,False
chaining,"(200000817, 296600062)",1,Optimal,35,97,97,True,True,True
chaining,"(200000817, 200000029)",0,Optimal,35,97,97,True,True,False
chaining,"(200000817, 200000029)",1,Optimal,35,97,97,True,True,True
chaining,"(296100042, 294400189)",0,Optimal,35,97,97,True,True,False
chaining,"(296100042, 294400189)",1,Optimal,35,97,97,True,True,True
chaining,"(296100042, 200090225)",0,Optimal,35,97,97,True,True,False
chaining,"(296100042, 200090225)",1,Optimal,35,97,97,True,True,True
chaining,"(296100042, 200000026)",0,Optimal,35,97,97,True,True,False
chaining,"(296100042, 200000026)",1,Optimal,36,96,96,False,False,True
chaining,"(296100042, 296200626)",0,Optimal,35,97,97,True,True,False
chaining,"(296100042, 296200626)",1,Optimal,35,97,97,True,True,True
chaining,"(296100042, 294400173)",0,Optimal,35,97,97,True,True,False
chaining,"(296100042, 294400173)",1,Optimal,35,97,97,True,True,True
chaining,"(296100042, 200000229)",0,Optimal,35,97,97,True,True,False
chaining,"(296100042, 200000229)",1,Optimal,35,97,97,True,True,True
chaining,"(296100042, 294400182)",0,Optimal,35,97,97,True,True,False
chaining,"(296100042, 294400182)",1,Optimal,35,97,97,True,True,True
chaining,"(296100042, 294300211)",0,Optimal,35,97,97,True,True,False
chaining,"(296100042, 294300211)",1,Optimal,35,97,97,True,True,True
chaining,"(296100042, 200090702)",0,Optimal,35,97,97,True,True,False
chaining,"(296100042, 200090702)",1,Optimal,35,97,97,True,True,True
chaining,"(296100042, 296000091)",0,Optimal,35,97,97,True,True,False
chaining,"(296100042, 296000091)",1,Optimal,35,97,97,True,True,True
chaining,"(296100042, 296000097)",0,Optimal,35,97,97,True,True,False
chaining,"(296100042, 296000097)",1,Optimal,35,97,97,True,True,True
chaining,"(296100042, 296000100)",0,Optimal,35,97,97,True,True,False
chaining,"(296100042, 296000100)",1,Optimal,35,97,97,True,True,True
chaining,"(296100042, 296200624)",0,Optimal,35,97,97,True,True,False
chaining,"(296100042, 296200624)",1,Optimal,35,97,97,True,True,True
chaining,"(296100042, 296200099)",0,Optimal,35,97,97,True,True,False
chaining,"(296100042, 296200099)",1,Optimal,35,97,97,True,True,True
chaining,"(296100042, 296200096)",0,Optimal,35,97,97,True,True,False
chaining,"(296100042, 296200096)",1,Optimal,35,97,97,True,True,True
chaining,"(296100042, 296200093)",0,Optimal,35,97,97,True,True,False
chaining,"(296100042, 296200093)",1,Optimal,35,97,97,True,True,True
chaining,"(296100042, 296200088)",0,Optimal,35,97,97,True,True,False
chaining,"(296100042, 296200088)",1,Optimal,35,97,97,True,True,True
chaining,"(296100042, 200090682)",0,Optimal,35,97,97,True,True,False
chaining,"(296100042, 200090682)",1,Optimal,35,97,97,True,True,True
chaining,"(296100042, 296200102)",0,Optimal,35,97,97,True,True,False
chaining,"(296100042, 296200102)",1,Optimal,35,97,97,True,True,True
chaining,"(296100042, 296200101)",0,Optimal,35,97,97,True,True,False
chaining,"(296100042, 296200101)",1,Optimal,35,97,97,True,True,True
chaining,"(296100042, 295800463)",0,Optimal,35,97,97,True,True,False
chaining,"(296100042, 295800463)",1,Optimal,35,97,97,True,True,True
chaining,"(296100042, 295800464)",0,Optimal,35,97,97,True,True,False
chaining,"(296100042, 295800464)",1,Optimal,35,97,97,True,True,True
chaining,"(296100042, 295200225)",0,Optimal,35,97,97,True,True,False
chaining,"(296100042, 295200225)",1,Optimal,35,97,97,True,True,True
chaining,"(296100042, 200090308)",0,Optimal,35,97,97,True,True,False
chaining,"(296100042, 200090308)",1,Optimal,35,97,97,True,True,True
chaining,"(296100042, 295200233)",0,Optimal,35,97,97,True,True,False
chaining,"(296100042, 295200233)",1,Optimal,35,97,97,True,True,True
chaining,"(296100042, 294100316)",0,Optimal,35,97,97,True,True,False
chaining,"(296100042, 294100316)",1,Optimal,35,97,97,True,True,True
chaining,"(296100042, 295200241)",0,Optimal,35,97,97,True,True,False
chaining,"(296100042, 295200241)",1,Optimal,35,97,97,True,True,True
chaining,"(296100042, 295201004)",0,Optimal,35,97,97,True,True,False
chaining,"(296100042, 295201004)",1,Optimal,35,97,97,True,True,True
chaining,"(296100042, 296200098)",0,Optimal,35,97,97,True,True,False
chaining,"(296100042, 296200098)",1,Optimal,35,97,97,True,True,True
chaining,"(296100042, 200090402)",0,Optimal,35,97,97,True,True,False
chaining,"(296100042, 200090402)",1,Optimal,35,97,97,True,True,True
chaining,"(296100042, 295800465)",0,Optimal,35,97,97,True,True,False
chaining,"(296100042, 295800465)",1,Optimal,35,97,97,True,True,True
chaining,"(296100042, 200090404)",0,Optimal,35,97,97,True,True,False
chaining,"(296100042, 200090404)",1,Optimal,35,97,97,True,True,True
chaining,"(296100042, 294100328)",0,Optimal,35,97,97,True,True,False
chaining,"(296100042, 294100328)",1,Optimal,35,97,97,True,True,True
chaining,"(296100042, 295200253)",0,Optimal,35,97,97,True,True,False
chaining,"(296100042, 295200253)",1,Optimal,35,97,97,True,True,True
chaining,"(296100042, 200000336)",0,Optimal,35,97,97,True,True,False
chaining,"(296100042, 200000336)",1,Optimal,35,97,97,True,True,True
chaining,"(296100042, 200090340)",0,Optimal,35,97,97,True,True,False
chaining,"(296100042, 200090340)",1,Optimal,35,97,97,True,True,True
chaining,"(296100042, 200090123)",0,Optimal,35,97,97,True,True,False
chaining,"(296100042, 200090123)",1,Optimal,35,97,97,True,True,True
chaining,"(296100042, 200000121)",0,Optimal,35,97,97,True,True,False
chaining,"(296100042, 200000121)",1,Optimal,35,97,97,True,True,True
chaining,"(296100042, 294200147)",0,Optimal,35,97,97,True,True,False
chaining,"(296100042, 294200147)",1,Optimal,35,97,97,True,True,True
chaining,"(296100042, 294200133)",0,Optimal,35,97,97,True,True,False
chaining,"(296100042, 294200133)",1,Optimal,35,97,97,True,True,True
chaining,"(296200094, 294100826)",0,Optimal,35,97,97,True,True,False
chaining,"(296200094, 294100826)",1,Optimal,36,96,96,False,False,True
chaining,"(296200094, 294100824)",0,Optimal,35,97,97,True,True,False
chaining,"(296200094, 294100824)",1,Optimal,36,96,96,False,False,True
chaining,"(296200094, 296600054)",0,Optimal,35,97,97,True,True,False
chaining,"(296200094, 296600054)",1,Optimal,35,97,97,True,True,True
chaining,"(296200094, 296600060)",0,Optimal,35,97,97,True,True,False
chaining,"(296200094, 296600060)",1,Optimal,35,97,97,True,True,True
chaining,"(296200094, 296600058)",0,Optimal,35,97,97,True,True,False
chaining,"(296200094, 296600058)",1,Optimal,36,96,96,False,False,True
chaining,"(296200094, 296600062)",0,Optimal,35,97,97,True,True,False
chaining,"(296200094, 296600062)",1,Optimal,36,96,96,False,False,True
chaining,"(296200094, 200000029)",0,Optimal,35,97,97,True,True,False
chaining,"(296200094, 200000029)",1,Optimal,36,96,96,False,False,True
chaining,"(296200094, 296200629)",0,Optimal,35,97,97,True,True,False
chaining,"(296200094, 296200629)",1,Optimal,36,96,96,False,False,True
chaining,"(296100042, 200000382)",0,Optimal,35,97,97,True,True,False
chaining,"(296100042, 200000382)",1,Optimal,35,97,97,True,True,True
chaining,"(296100042, 294100344)",0,Optimal,35,97,97,True,True,False
chaining,"(296100042, 294100344)",1,Optimal,35,97,97,True,True,True
chaining,"(296100042, 294100348)",0,Optimal,35,97,97,True,True,False
chaining,"(296100042, 294100348)",1,Optimal,35,97,97,True,True,True
chaining,"(296100042, 294100352)",0,Optimal,35,97,97,True,True,False
chaining,"(296100042, 294100352)",1,Optimal,36,96,96,False,False,True
chaining,"(296100042, 295200235)",0,Optimal,35,97,97,True,True,False
chaining,"(296100042, 295200235)",1,Optimal,36,96,96,False,False,True
chaining,"(296100042, 294200141)",0,Optimal,35,97,97,True,True,False
chaining,"(296100042, 294200141)",1,Optimal,35,97,97,True,True,True
chaining,"(296100042, 294200138)",0,Optimal,35,97,97,True,True,False
chaining,"(296100042, 294200138)",1,Optimal,35,97,97,True,True,True
chaining,"(296100042, 294200175)",0,Optimal,35,97,97,True,True,False
chaining,"(296100042, 294200175)",1,Optimal,35,97,97,True,True,True
chaining,"(296200094, 296200627)",0,Optimal,35,97,97,True,True,False
chaining,"(296200094, 296200627)",1,Optimal,36,96,96,False,False,True
chaining,"(296200094, 296200625)",0,Optimal,35,97,97,True,True,False
chaining,"(296200094, 296200625)",1,Optimal,36,96,96,False,False,True
chaining,"(296200094, 296100047)",0,Optimal,35,97,97,True,True,False
chaining,"(296200094, 296100047)",1,Optimal,36,96,96,False,False,True
chaining,"(296200094, 296100041)",0,Optimal,35,97,97,True,True,False
chaining,"(296200094, 296100041)",1,Optimal,35,97,97,True,True,True
chaining,"(296200625, 200000026)",0,Optimal,35,97,97,True,True,False
chaining,"(296200625, 200000026)",1,Optimal,35,97,97,True,True,True
chaining,"(296200625, 294100352)",0,Optimal,35,97,97,True,True,False
chaining,"(296200625, 294100352)",1,Optimal,35,97,97,True,True,True
chaining,"(296200625, 295200235)",0,Optimal,35,97,97,True,True,False
chaining,"(296200625, 295200235)",1,Optimal,35,97,97,True,True,True
chaining,"(296200099, 294100826)",0,Optimal,35,97,97,True,True,False
chaining,"(296200099, 294100826)",1,Optimal,35,97,97,True,True,True
chaining,"(296200099, 294100824)",0,Optimal,35,97,97,True,True,True
chaining,"(296200099, 294100824)",1,Optimal,35,97,97,True,True,False
chaining,"(296200099, 200000029)",0,Optimal,35,97,97,True,True,False
chaining,"(296200099, 200000029)",1,Optimal,35,97,97,True,True,True
chaining,"(296200099, 296200629)",0,Optimal,35,97,97,True,True,False
chaining,"(296200099, 296200629)",1,Optimal,35,97,97,True,True,True
chaining,"(296200099, 296200627)",0,Optimal,35,97,97,True,True,False
chaining,"(296200099, 296200627)",1,Optimal,35,97,97,True,True,True
chaining,"(296200094, 296100057)",0,Optimal,35,97,97,True,True,False
chaining,"(296200094, 296100057)",1,Optimal,35,97,97,True,True,True
chaining,"(296200094, 296100048)",0,Optimal,35,97,97,True,True,True
chaining,"(296200094, 296100048)",1,Optimal,35,97,97,True,True,False
chaining,"(296200629, 295200235)",0,Optimal,35,97,97,True,True,False
chaining,"(296200629, 295200235)",1,Optimal,35,97,97,True,True,True
chaining,"(296200627, 295200235)",0,Optimal,35,97,97,True,True,False
chaining,"(296200627, 295200235)",1,Optimal,35,97,97,True,True,True
chaining,"(296100049, 296200626)",0,Optimal,35,97,97,True,True,False
chaining,"(296100049, 296200626)",1,Optimal,35,97,97,True,True,True
chaining,"(296100049, 296200624)",0,Optimal,35,97,97,True,True,False
chaining,"(296100049, 296200624)",1,Optimal,35,97,97,True,True,True
chaining,"(296100049, 295800463)",0,Optimal,35,97,97,True,True,False
chaining,"(296100049, 295800463)",1,Optimal,35,97,97,True,True,True
chaining,"(296100049, 295800464)",0,Optimal,35,97,97,True,True,False
chaining,"(296100049, 295800464)",1,Optimal,35,97,97,True,True,True
chaining,"(296200096, 294100824)",0,Optimal,35,97,97,True,True,False
chaining,"(296200096, 294100824)",1,Optimal,35,97,97,True,True,True
chaining,"(296200096, 296600062)",0,Optimal,35,97,97,True,True,False
chaining,"(296200096, 296600062)",1,Optimal,35,97,97,True,True,True
chaining,"(296200096, 200000029)",0,Optimal,35,97,97,True,True,True
chaining,"(296200096, 200000029)",1,Optimal,35,97,97,True,True,False
chaining,"(296200096, 296200629)",0,Optimal,35,97,97,True,True,False
chaining,"(296200096, 296200629)",1,Optimal,35,97,97,True,True,True
chaining,"(296100049, 200000382)",0,Optimal,35,97,97,True,True,False
chaining,"(296100049, 200000382)",1,Optimal,35,97,97,True,True,True
chaining,"(296100049, 294100344)",0,Optimal,35,97,97,True,True,False
chaining,"(296100049, 294100344)",1,Optimal,35,97,97,True,True,True
chaining,"(296100049, 294100348)",0,Optimal,35,97,97,True,True,False
chaining,"(296100049, 294100348)",1,Optimal,35,97,97,True,True,True
chaining,"(296100049, 294100352)",0,Optimal,35,97,97,True,True,False
chaining,"(296100049, 294100352)",1,Optimal,36,96,96,False,False,True
chaining,"(296200096, 296200627)",0,Optimal,35,97,97,True,True,False
chaining,"(296200096, 296200627)",1,Optimal,35,97,97,True,True,True
chaining,"(296200096, 296200625)",0,Optimal,35,97,97,True,True,False
chaining,"(296200096, 296200625)",1,Optimal,35,97,97,True,True,True
chaining,"(296200093, 294100826)",0,Optimal,35,97,97,True,True,False
chaining,"(296200093, 294100826)",1,Optimal,35,97,97,True,True,True
chaining,"(296200093, 294100824)",0,Optimal,35,97,97,True,True,False
chaining,"(296200093, 294100824)",1,Optimal,35,97,97,True,True,True
chaining,"(296100049, 295200235)",0,Optimal,35,97,97,True,True,False
chaining,"(296100049, 295200235)",1,Optimal,36,96,96,False,False,True
chaining,"(296100049, 294200141)",0,Optimal,35,97,97,True,True,True
chaining,"(296100049, 294200141)",1,Optimal,35,97,97,True,True,False
chaining,"(296100049, 294200138)",0,Optimal,35,97,97,True,True,False
chaining,"(296100049, 294200138)",1,Optimal,35,97,97,True,True,True
chaining,"(296200096, 294100826)",0,Optimal,35,97,97,True,True,False
chaining,"(296200096, 294100826)",1,Optimal,35,97,97,True,True,True
chaining,"(296100049, 296000105)",0,Optimal,35,97,97,True,True,False
chaining,"(296100049, 296000105)",1,Optimal,35,97,97,True,True,True
chaining,"(296100049, 294400189)",0,Optimal,35,97,97,True,True,False
chaining,"(296100049, 294400189)",1,Optimal,35,97,97,True,True,True
chaining,"(296100049, 200090225)",0,Optimal,35,97,97,True,True,False
chaining,"(296100049, 200090225)",1,Optimal,35,97,97,True,True,True
chaining,"(296100049, 200000026)",0,Optimal,35,97,97,True,True,False
chaining,"(296100049, 200000026)",1,Optimal,36,96,96,False,False,True
chaining,"(296100047, 200090219)",0,Optimal,35,97,97,True,True,False
chaining,"(296100047, 200090219)",1,Optimal,35,97,97,True,True,True
chaining,"(296100047, 200000221)",0,Optimal,35,97,97,True,True,False
chaining,"(296100047, 200000221)",1,Optimal,35,97,97,True,True,True
chaining,"(296100047, 294400189)",0,Optimal,35,97,97,True,True,False
chaining,"(296100047, 294400189)",1,Optimal,35,97,97,True,True,True
chaining,"(296100047, 200090225)",0,Optimal,35,97,97,True,True,False
chaining,"(296100047, 200090225)",1,Optimal,35,97,97,True,True,True
chaining,"(296200093, 296600062)",0,Optimal,35,97,97,True,True,False
chaining,"(296200093, 296600062)",1,Optimal,35,97,97,True,True,True
chaining,"(296200093, 200000029)",0,Optimal,35,97,97,True,True,False
chaining,"(296200093, 200000029)",1,Optimal,35,97,97,True,True,True
chaining,"(296200093, 296200629)",0,Optimal,35,97,97,True,True,True
chaining,"(296200093, 296200629)",1,Optimal,35,97,97,True,True,False
chaining,"(296200093, 296200627)",0,Optimal,35,97,97,True,True,False
chaining,"(296200093, 296200627)",1,Optimal,35,97,97,True,True,True
chaining,"(296100047, 295800464)",0,Optimal,35,97,97,True,True,False
chaining,"(296100047, 295800464)",1,Optimal,35,97,97,True,True,True
chaining,"(296100047, 200000336)",0,Optimal,35,97,97,True,True,False
chaining,"(296100047, 200000336)",1,Optimal,35,97,97,True,True,True
chaining,"(296100047, 200090340)",0,Optimal,35,97,97,True,True,False
chaining,"(296100047, 200090340)",1,Optimal,35,97,97,True,True,True
chaining,"(296100047, 200000382)",0,Optimal,35,97,97,True,True,False
chaining,"(296100047, 200000382)",1,Optimal,35,97,97,True,True,True
chaining,"(296200093, 296200625)",0,Optimal,35,97,97,True,True,False
chaining,"(296200093, 296200625)",1,Optimal,35,97,97,True,True,True
chaining,"(296100047, 296000105)",0,Optimal,35,97,97,True,True,False
chaining,"(296100047, 296000105)",1,Optimal,35,97,97,True,True,True
chaining,"(296100047, 296000091)",0,Optimal,35,97,97,True,True,False
chaining,"(296100047, 296000091)",1,Optimal,35,97,97,True,True,True
chaining,"(296100047, 296000097)",0,Optimal,35,97,97,True,True,False
chaining,"(296100047, 296000097)",1,Optimal,35,97,97,True,True,True
chaining,"(296100047, 294100344)",0,Optimal,35,97,97,True,True,False
chaining,"(296100047, 294100344)",1,Optimal,35,97,97,True,True,True
chaining,"(296100047, 294100348)",0,Optimal,35,97,97,True,True,False
chaining,"(296100047, 294100348)",1,Optimal,35,97,97,True,True,True
chaining,"(296100047, 294100352)",0,Optimal,35,97,97,True,True,False
chaining,"(296100047, 294100352)",1,Optimal,36,96,96,False,False,True
chaining,"(296100047, 295200235)",0,Optimal,35,97,97,True,True,False
chaining,"(296100047, 295200235)",1,Optimal,36,96,96,False,False,True
chaining,"(296200088, 296200629)",0,Optimal,35,97,97,True,True,False
chaining,"(296200088, 296200629)",1,Optimal,35,97,97,True,True,True
chaining,"(296200088, 296200627)",0,Optimal,35,97,97,True,True,False
chaining,"(296200088, 296200627)",1,Optimal,35,97,97,True,True,True
chaining,"(296200088, 296200625)",0,Optimal,35,97,97,True,True,False
chaining,"(296200088, 296200625)",1,Optimal,35,97,97,True,True,True
chaining,"(200090682, 294100826)",0,Optimal,35,97,97,True,True,False
chaining,"(200090682, 294100826)",1,Optimal,35,97,97,True,True,True
chaining,"(296100047, 296200096)",0,Optimal,35,97,97,True,True,False
chaining,"(296100047, 296200096)",1,Optimal,35,97,97,True,True,True
chaining,"(296100047, 295800465)",0,Optimal,35,97,97,True,True,False
chaining,"(296100047, 295800465)",1,Optimal,35,97,97,True,True,True
chaining,"(296100047, 200090404)",0,Optimal,35,97,97,True,True,False
chaining,"(296100047, 200090404)",1,Optimal,35,97,97,True,True,True
chaining,"(296100047, 295800463)",0,Optimal,35,97,97,True,True,False
chaining,"(296100047, 295800463)",1,Optimal,35,97,97,True,True,True
chaining,"(296100047, 200000026)",0,Optimal,35,97,97,True,True,False
chaining,"(296100047, 200000026)",1,Optimal,36,96,96,False,False,True
chaining,"(296100047, 296200626)",0,Optimal,35,97,97,True,True,False
chaining,"(296100047, 296200626)",1,Optimal,35,97,97,True,True,True
chaining,"(296100047, 296200624)",0,Optimal,35,97,97,True,True,False
chaining,"(296100047, 296200624)",1,Optimal,35,97,97,True,True,True
chaining,"(296100047, 296200099)",0,Optimal,35,97,97,True,True,False
chaining,"(296100047, 296200099)",1,Optimal,35,97,97,True,True,True
chaining,"(296200088, 294100824)",0,Optimal,35,97,97,True,True,False
chaining,"(296200088, 294100824)",1,Optimal,35,97,97,True,True,True
chaining,"(296200088, 296600058)",0,Optimal,35,97,97,True,True,False
chaining,"(296200088, 296600058)",1,Optimal,35,97,97,True,True,True
chaining,"(296200088, 296600062)",0,Optimal,35,97,97,True,True,True
chaining,"(296200088, 296600062)",1,Optimal,35,97,97,True,True,False
chaining,"(296200088, 200000029)",0,Optimal,35,97,97,True,True,False
chaining,"(296200088, 200000029)",1,Optimal,35,97,97,True,True,True
chaining,"(200090682, 296200629)",0,Optimal,35,97,97,True,True,False
chaining,"(200090682, 296200629)",1,Optimal,35,97,97,True,True,True
chaining,"(200090682, 296200627)",0,Optimal,35,97,97,True,True,False
chaining,"(200090682, 296200627)",1,Optimal,35,97,97,True,True,True
chaining,"(200090682, 296200625)",0,Optimal,35,97,97,True,True,False
chaining,"(200090682, 296200625)",1,Optimal,35,97,97,True,True,True
chaining,"(200090682, 296100047)",0,Optimal,35,97,97,True,True,True
chaining,"(200090682, 296100047)",1,Optimal,35,97,97,True,True,False
chaining,"(200090682, 294100824)",0,Optimal,35,97,97,True,True,False
chaining,"(200090682, 294100824)",1,Optimal,35,97,97,True,True,True
chaining,"(200090682, 296600058)",0,Optimal,35,97,97,True,True,False
chaining,"(200090682, 296600058)",1,Optimal,35,97,97,True,True,True
chaining,"(200090682, 296600062)",0,Optimal,35,97,97,True,True,False
chaining,"(200090682, 296600062)",1,Optimal,35,97,97,True,True,True
chaining,"(200090682, 200000029)",0,Optimal,35,97,97,True,True,False
chaining,"(200090682, 200000029)",1,Optimal,35,97,97,True,True,True
chaining,"(296100047, 294200141)",0,Optimal,35,97,97,True,True,False
chaining,"(296100047, 294200141)",1,Optimal,35,97,97,True,True,True
chaining,"(296100047, 294200138)",0,Optimal,35,97,97,True,True,False
chaining,"(296100047, 294200138)",1,Optimal,35,97,97,True,True,True
chaining,"(296100047, 294200175)",0,Optimal,35,97,97,True,True,True
chaining,"(296100047, 294200175)",1,Optimal,35,97,97,True,True,False
chaining,"(296200088, 294100826)",0,Optimal,35,97,97,True,True,False
chaining,"(296200088, 294100826)",1,Optimal,35,97,97,True,True,True
chaining,"(296100041, 296000105)",0,Optimal,35,97,97,True,True,False
chaining,"(296100041, 296000105)",1,Optimal,35,97,97,True,True,True
chaining,"(296100041, 200090702)",0,Optimal,35,97,97,True,True,False
chaining,"(296100041, 200090702)",1,Optimal,35,97,97,True,True,True
chaining,"(296100041, 296000091)",0,Optimal,35,97,97,True,True,False
chaining,"(296100041, 296000091)",1,Optimal,35,97,97,True,True,True
chaining,"(296100041, 296000097)",0,Optimal,35,97,97,True,True,False
chaining,"(296100041, 296000097)",1,Optimal,35,97,97,True,True,True
chaining,"(296100041, 294400189)",0,Optimal,35,97,97,True,True,False
chaining,"(296100041, 294400189)",1,Optimal,35,97,97,True,True,True
chaining,"(296100041, 200090225)",0,Optimal,35,97,97,True,True,False
chaining,"(296100041, 200090225)",1,Optimal,35,97,97,True,True,True
chaining,"(296100041, 200000026)",0,Optimal,35,97,97,True,True,False
chaining,"(296100041, 200000026)",1,Optimal,36,96,96,False,False,True
chaining,"(296100041, 296200626)",0,Optimal,35,97,97,True,True,False
chaining,"(296100041, 296200626)",1,Optimal,35,97,97,True,True,True
chaining,"(296100041, 294300215)",0,Optimal,35,97,97,True,True,False
chaining,"(296100041, 294300215)",1,Optimal,35,97,97,True,True,True
chaining,"(296100041, 294300217)",0,Optimal,35,97,97,True,True,False
chaining,"(296100041, 294300217)",1,Optimal,35,97,97,True,True,True
chaining,"(296100041, 200090219)",0,Optimal,35,97,97,True,True,False
chaining,"(296100041, 200090219)",1,Optimal,35,97,97,True,True,True
chaining,"(296100041, 200000221)",0,Optimal,35,97,97,True,True,False
chaining,"(296100041, 200000221)",1,Optimal,35,97,97,True,True,True
chaining,"(296100041, 295800464)",0,Optimal,35,97,97,True,True,False
chaining,"(296100041, 295800464)",1,Optimal,35,97,97,True,True,True
chaining,"(296100041, 295201004)",0,Optimal,35,97,97,True,True,False
chaining,"(296100041, 295201004)",1,Optimal,35,97,97,True,True,True
chaining,"(296100041, 294100328)",0,Optimal,35,97,97,True,True,False
chaining,"(296100041, 294100328)",1,Optimal,35,97,97,True,True,True
chaining,"(296100041, 295200253)",0,Optimal,35,97,97,True,True,False
chaining,"(296100041, 295200253)",1,Optimal,35,97,97,True,True,True
chaining,"(296100041, 294100348)",0,Optimal,35,97,97,True,True,False
chaining,"(296100041, 294100348)",1,Optimal,35,97,97,True,True,True
chaining,"(296100041, 294100352)",0,Optimal,35,97,97,True,True,False
chaining,"(296100041, 294100352)",1,Optimal,36,96,96,False,False,True
chaining,"(296100041, 295200235)",0,Optimal,35,97,97,True,True,False
chaining,"(296100041, 295200235)",1,Optimal,36,96,96,False,False,True
chaining,"(296100041, 294200141)",0,Optimal,35,97,97,True,True,False
chaining,"(296100041, 294200141)",1,Optimal,35,97,97,True,True,True
chaining,"(296100041, 296200088)",0,Optimal,35,97,97,True,True,False
chaining,"(296100041, 296200088)",1,Optimal,35,97,97,True,True,True
chaining,"(296100041, 295800465)",0,Optimal,35,97,97,True,True,False
chaining,"(296100041, 295800465)",1,Optimal,35,97,97,True,True,True
chaining,"(296100041, 200090404)",0,Optimal,35,97,97,True,True,False
chaining,"(296100041, 200090404)",1,Optimal,35,97,97,True,True,True
chaining,"(296100041, 295800463)",0,Optimal,35,97,97,True,True,False
chaining,"(296100041, 295800463)",1,Optimal,35,97,97,True,True,True
chaining,"(296100041, 296200624)",0,Optimal,35,97,97,True,True,False
chaining,"(296100041, 296200624)",1,Optimal,35,97,97,True,True,True
chaining,"(296100041, 296200099)",0,Optimal,35,97,97,True,True,False
chaining,"(296100041, 296200099)",1,Optimal,35,97,97,True,True,True
chaining,"(296100041, 296200096)",0,Optimal,35,97,97,True,True,False
chaining,"(296100041, 296200096)",1,Optimal,35,97,97,True,True,True
chaining,"(296100041, 296200093)",0,Optimal,35,97,97,True,True,False
chaining,"(296100041, 296200093)",1,Optimal,35,97,97,True,True,True
chaining,"(296100041, 200000336)",0,Optimal,35,97,97,True,True,True
chaining,"(296100041, 200000336)",1,Optimal,35,97,97,True,True,False
chaining,"(296100041, 200090340)",0,Optimal,35,97,97,True,True,False
chaining,"(296100041, 200090340)",1,Optimal,35,97,97,True,True,True
chaining,"(296100041, 200000382)",0,Optimal,35,97,97,True,True,False
chaining,"(296100041, 200000382)",1,Optimal,35,97,97,True,True,True
chaining,"(296100041, 294100344)",0,Optimal,35,97,97,True,True,False
chaining,"(296100041, 294100344)",1,Optimal,35,97,97,True,True,True
chaining,"(296100057, 296200093)",0,Optimal,35,97,97,True,True,False
chaining,"(296100057, 296200093)",1,Optimal,35,97,97,True,True,True
chaining,"(296100057, 296200088)",0,Optimal,35,97,97,True,True,False
chaining,"(296100057, 296200088)",1,Optimal,35,97,97,True,True,True
chaining,"(296100057, 200090682)",0,Optimal,35,97,97,True,True,False
chaining,"(296100057, 200090682)",1,Optimal,35,97,97,True,True,True
chaining,"(296100057, 295800465)",0,Optimal,35,97,97,True,True,False
chaining,"(296100057, 295800465)",1,Optimal,35,97,97,True,True,True
chaining,"(296100057, 294300211)",0,Optimal,35,97,97,True,True,False
chaining,"(296100057, 294300211)",1,Optimal,35,97,97,True,True,True
chaining,"(296100057, 294300215)",0,Optimal,35,97,97,True,True,False
chaining,"(296100057, 294300215)",1,Optimal,35,97,97,True,True,True
chaining,"(296100057, 294300217)",0,Optimal,35,97,97,True,True,False
chaining,"(296100057, 294300217)",1,Optimal,35,97,97,True,True,True
chaining,"(296100057, 200090219)",0,Optimal,35,97,97,True,True,False
chaining,"(296100057, 200090219)",1,Optimal,35,97,97,True,True,True
chaining,"(296100057, 296200626)",0,Optimal,35,97,97,True,True,False
chaining,"(296100057, 296200626)",1,Optimal,35,97,97,True,True,True
chaining,"(296100057, 296200624)",0,Optimal,35,97,97,True,True,False
chaining,"(296100057, 296200624)",1,Optimal,35,97,97,True,True,True
chaining,"(296100057, 296200099)",0,Optimal,35,97,97,True,True,False
chaining,"(296100057, 296200099)",1,Optimal,35,97,97,True,True,True
chaining,"(296100057, 296200096)",0,Optimal,35,97,97,True,True,False
chaining,"(296100057, 296200096)",1,Optimal,35,97,97,True,True,True
chaining,"(296100057, 200090404)",0,Optimal,35,97,97,True,True,False
chaining,"(296100057, 200090404)",1,Optimal,35,97,97,True,True,True
chaining,"(296100057, 295800463)",0,Optimal,35,97,97,True,True,False
chaining,"(296100057, 295800463)",1,Optimal,35,97,97,True,True,True
chaining,"(296100057, 295800464)",0,Optimal,35,97,97,True,True,False
chaining,"(296100057, 295800464)",1,Optimal,35,97,97,True,True,True
chaining,"(296100057, 295200241)",0,Optimal,35,97,97,True,True,False
chaining,"(296100057, 295200241)",1,Optimal,35,97,97,True,True,True
chaining,"(296100057, 200000221)",0,Optimal,35,97,97,True,True,False
chaining,"(296100057, 200000221)",1,Optimal,35,97,97,True,True,True
chaining,"(296100057, 294400189)",0,Optimal,35,97,97,True,True,False
chaining,"(296100057, 294400189)",1,Optimal,35,97,97,True,True,True
chaining,"(296100057, 200090225)",0,Optimal,35,97,97,True,True,False
chaining,"(296100057, 200090225)",1,Optimal,35,97,97,True,True,True
chaining,"(296100057, 200000026)",0,Optimal,35,97,97,True,True,False
chaining,"(296100057, 200000026)",1,Optimal,36,96,96,False,False,True
chaining,"(296100041, 294200138)",0,Optimal,35,97,97,True,True,False
chaining,"(296100041, 294200138)",1,Optimal,35,97,97,True,True,True
chaining,"(296100041, 294200175)",0,Optimal,35,97,97,True,True,False
chaining,"(296100041, 294200175)",1,Optimal,35,97,97,True,True,True
chaining,"(296100041, 200090123)",0,Optimal,35,97,97,True,True,False
chaining,"(296100041, 200090123)",1,Optimal,35,97,97,True,True,True
chaining,"(296100041, 200000121)",0,Optimal,35,97,97,True,True,False
chaining,"(296100041, 200000121)",1,Optimal,35,97,97,True,True,True
chaining,"(296100057, 296000105)",0,Optimal,35,97,97,True,True,False
chaining,"(296100057, 296000105)",1,Optimal,35,97,97,True,True,True
chaining,"(296100057, 200090702)",0,Optimal,35,97,97,True,True,False
chaining,"(296100057, 200090702)",1,Optimal,35,97,97,True,True,True
chaining,"(296100057, 296000091)",0,Optimal,35,97,97,True,True,False
chaining,"(296100057, 296000091)",1,Optimal,35,97,97,True,True,True
chaining,"(296100057, 296000097)",0,Optimal,35,97,97,True,True,False
chaining,"(296100057, 296000097)",1,Optimal,35,97,97,True,True,True
chaining,"(296100048, 294400182)",0,Optimal,35,97,97,True,True,False
chaining,"(296100048, 294400182)",1,Optimal,35,97,97,True,True,True
chaining,"(296100048, 294300211)",0,Optimal,35,97,97,True,True,False
chaining,"(296100048, 294300211)",1,Optimal,35,97,97,True,True,True
chaining,"(296100048, 294300215)",0,Optimal,35,97,97,True,True,False
chaining,"(296100048, 294300215)",1,Optimal,35,97,97,True,True,True
chaining,"(296100048, 294300217)",0,Optimal,35,97,97,True,True,False
chaining,"(296100048, 294300217)",1,Optimal,35,97,97,True,True,True
chaining,"(296100048, 296000105)",0,Optimal,35,97,97,True,True,False
chaining,"(296100048, 296000105)",1,Optimal,35,97,97,True,True,True
chaining,"(296100048, 200090702)",0,Optimal,35,97,97,True,True,False
chaining,"(296100048, 200090702)",1,Optimal,35,97,97,True,True,True
chaining,"(296100048, 296000091)",0,Optimal,35,97,97,True,True,False
chaining,"(296100048, 296000091)",1,Optimal,35,97,97,True,True,True
chaining,"(296100048, 296000097)",0,Optimal,35,97,97,True,True,False
chaining,"(296100048, 296000097)",1,Optimal,35,97,97,True,True,True
chaining,"(296100057, 295201004)",0,Optimal,35,97,97,True,True,False
chaining,"(296100057, 295201004)",1,Optimal,35,97,97,True,True,True
chaining,"(296100057, 294100328)",0,Optimal,35,97,97,True,True,False
chaining,"(296100057, 294100328)",1,Optimal,35,97,97,True,True,True
chaining,"(296100057, 295200253)",0,Optimal,35,97,97,True,True,False
chaining,"(296100057, 295200253)",1,Optimal,35,97,97,True,True,True
chaining,"(296100057, 200000336)",0,Optimal,35,97,97,True,True,False
chaining,"(296100057, 200000336)",1,Optimal,35,97,97,True,True,True
chaining,"(296100057, 294200175)",0,Optimal,35,97,97,True,True,False
chaining,"(296100057, 294200175)",1,Optimal,35,97,97,True,True,True
chaining,"(296100057, 200090123)",0,Optimal,35,97,97,True,True,False
chaining,"(296100057, 200090123)",1,Optimal,35,97,97,True,True,True
chaining,"(296100057, 200000121)",0,Optimal,35,97,97,True,True,False
chaining,"(296100057, 200000121)",1,Optimal,35,97,97,True,True,True
chaining,"(296200102, 296100049)",0,Optimal,36,96,96,False,False,True
chaining,"(296200102, 296100049)",1,Optimal,35,97,97,True,True,False
chaining,"(296100057, 200090340)",0,Optimal,35,97,97,True,True,False
chaining,"(296100057, 200090340)",1,Optimal,35,97,97,True,True,True
chaining,"(296100057, 200000382)",0,Optimal,35,97,97,True,True,False
chaining,"(296100057, 200000382)",1,Optimal,35,97,97,True,True,True
chaining,"(296100057, 294100344)",0,Optimal,35,97,97,True,True,False
chaining,"(296100057, 294100344)",1,Optimal,35,97,97,True,True,True
chaining,"(296100057, 294100348)",0,Optimal,35,97,97,True,True,False
chaining,"(296100057, 294100348)",1,Optimal,35,97,97,True,True,True
chaining,"(296100048, 200090219)",0,Optimal,35,97,97,True,True,False
chaining,"(296100048, 200090219)",1,Optimal,35,97,97,True,True,True
chaining,"(296100048, 200000221)",0,Optimal,35,97,97,True,True,False
chaining,"(296100048, 200000221)",1,Optimal,35,97,97,True,True,True
chaining,"(296100048, 294400189)",0,Optimal,35,97,97,True,True,False
chaining,"(296100048, 294400189)",1,Optimal,35,97,97,True,True,True
chaining,"(296100048, 200090225)",0,Optimal,35,97,97,True,True,False
chaining,"(296100048, 200090225)",1,Optimal,35,97,97,True,True,True
chaining,"(296100057, 294100352)",0,Optimal,35,97,97,True,True,False
chaining,"(296100057, 294100352)",1,Optimal,36,96,96,False,False,True
chaining,"(296100057, 295200235)",0,Optimal,35,97,97,True,True,False
chaining,"(296100057, 295200235)",1,Optimal,36,96,96,False,False,True
chaining,"(296100057, 294200141)",0,Optimal,35,97,97,True,True,False
chaining,"(296100057, 294200141)",1,Optimal,35,97,97,True,True,True
chaining,"(296100057, 294200138)",0,Optimal,35,97,97,True,True,True
chaining,"(296100057, 294200138)",1,Optimal,35,97,97,True,True,False
chaining,"(296100048, 295800464)",0,Optimal,35,97,97,True,True,False
chaining,"(296100048, 295800464)",1,Optimal,35,97,97,True,True,True
chaining,"(296100048, 294100316)",0,Optimal,35,97,97,True,True,False
chaining,"(296100048, 294100316)",1,Optimal,35,97,97,True,True,True
chaining,"(296100048, 295200241)",0,Optimal,35,97,97,True,True,False
chaining,"(296100048, 295200241)",1,Optimal,35,97,97,True,True,True
chaining,"(296100048, 295201004)",0,Optimal,35,97,97,True,True,False
chaining,"(296100048, 295201004)",1,Optimal,35,97,97,True,True,True
chaining,"(296100048, 200000026)",0,Optimal,35,97,97,True,True,False
chaining,"(296100048, 200000026)",1,Optimal,36,96,96,False,False,True
chaining,"(296100048, 296200626)",0,Optimal,35,97,97,True,True,False
chaining,"(296100048, 296200626)",1,Optimal,35,97,97,True,True,True
chaining,"(296100048, 296200624)",0,Optimal,35,97,97,True,True,False
chaining,"(296100048, 296200624)",1,Optimal,35,97,97,True,True,True
chaining,"(296100048, 296200099)",0,Optimal,35,97,97,True,True,False
chaining,"(296100048, 296200099)",1,Optimal,35,97,97,True,True,True
chaining,"(296100048, 200090402)",0,Optimal,35,97,97,True,True,True
chaining,"(296100048, 200090402)",1,Optimal,35,97,97,True,True,False
chaining,"(296100048, 295800465)",0,Optimal,35,97,97,True,True,False
chaining,"(296100048, 295800465)",1,Optimal,35,97,97,True,True,True
chaining,"(296100048, 200090404)",0,Optimal,35,97,97,True,True,False
chaining,"(296100048, 200090404)",1,Optimal,35,97,97,True,True,True
chaining,"(296100048, 295800463)",0,Optimal,35,97,97,True,True,False
chaining,"(296100048, 295800463)",1,Optimal,35,97,97,True,True,True
chaining,"(296100048, 294100328)",0,Optimal,35,97,97,True,True,False
chaining,"(296100048, 294100328)",1,Optimal,35,97,97,True,True,True
chaining,"(296100048, 295200253)",0,Optimal,35,97,97,True,True,False
chaining,"(296100048, 295200253)",1,Optimal,35,97,97,True,True,True
chaining,"(296100048, 200000336)",0,Optimal,35,97,97,True,True,False
chaining,"(296100048, 200000336)",1,Optimal,35,97,97,True,True,True
chaining,"(296100048, 200090340)",0,Optimal,35,97,97,True,True,False
chaining,"(296100048, 200090340)",1,Optimal,35,97,97,True,True,True
chaining,"(296100048, 200000382)",0,Optimal,35,97,97,True,True,False
chaining,"(296100048, 200000382)",1,Optimal,35,97,97,True,True,True
chaining,"(296100048, 294100344)",0,Optimal,35,97,97,True,True,False
chaining,"(296100048, 294100344)",1,Optimal,35,97,97,True,True,True
chaining,"(296100048, 294100348)",0,Optimal,35,97,97,True,True,False
chaining,"(296100048, 294100348)",1,Optimal,35,97,97,True,True,True
chaining,"(296100048, 294100352)",0,Optimal,35,97,97,True,True,False
chaining,"(296100048, 294100352)",1,Optimal,36,96,96,False,False,True
chaining,"(296100048, 295200235)",0,Optimal,35,97,97,True,True,False
chaining,"(296100048, 295200235)",1,Optimal,36,96,96,False,False,True
chaining,"(296100048, 294200141)",0,Optimal,35,97,97,True,True,False
chaining,"(296100048, 294200141)",1,Optimal,35,97,97,True,True,True
chaining,"(296100048, 294200138)",0,Optimal,35,97,97,True,True,False
chaining,"(296100048, 294200138)",1,Optimal,35,97,97,True,True,True
chaining,"(296100048, 294200175)",0,Optimal,35,97,97,True,True,False
chaining,"(296100048, 294200175)",1,Optimal,35,97,97,True,True,True
chaining,"(296100048, 296200096)",0,Optimal,35,97,97,True,True,False
chaining,"(296100048, 296200096)",1,Optimal,35,97,97,True,True,True
chaining,"(296100048, 296200093)",0,Optimal,35,97,97,True,True,False
chaining,"(296100048, 296200093)",1,Optimal,35,97,97,True,True,True
chaining,"(296100048, 296200088)",0,Optimal,35,97,97,True,True,False
chaining,"(296100048, 296200088)",1,Optimal,35,97,97,True,True,True
chaining,"(296100048, 200090682)",0,Optimal,35,97,97,True,True,False
chaining,"(296100048, 200090682)",1,Optimal,35,97,97,True,True,True
chaining,"(296100048, 200090123)",0,Optimal,35,97,97,True,True,False
chaining,"(296100048, 200090123)",1,Optimal,35,97,97,True,True,True
chaining,"(296100048, 200000121)",0,Optimal,35,97,97,True,True,False
chaining,"(296100048, 200000121)",1,Optimal,35,97,97,True,True,True
chaining,"(296100048, 294200147)",0,Optimal,35,97,97,True,True,False
chaining,"(296100048, 294200147)",1,Optimal,35,97,97,True,True,True
chaining,"(296200101, 294100826)",0,Optimal,35,97,97,True,True,False
chaining,"(296200101, 294100826)",1,Optimal,36,96,96,False,False,True
chaining,"(296100045, 294400182)",0,Optimal,35,97,97,True,True,False
chaining,"(296100045, 294400182)",1,Optimal,35,97,97,True,True,True
chaining,"(296100045, 294300211)",0,Optimal,35,97,97,True,True,False
chaining,"(296100045, 294300211)",1,Optimal,35,97,97,True,True,True
chaining,"(296100045, 294300215)",0,Optimal,35,97,97,True,True,False
chaining,"(296100045, 294300215)",1,Optimal,35,97,97,True,True,True
chaining,"(296100045, 294300217)",0,Optimal,35,97,97,True,True,False
chaining,"(296100045, 294300217)",1,Optimal,35,97,97,True,True,True
chaining,"(296200101, 200000029)",0,Optimal,35,97,97,True,True,False
chaining,"(296200101, 200000029)",1,Optimal,36,96,96,False,False,True
chaining,"(296200101, 296200629)",0,Optimal,35,97,97,True,True,False
chaining,"(296200101, 296200629)",1,Optimal,36,96,96,False,False,True
chaining,"(296200101, 296200627)",0,Optimal,35,97,97,True,True,False
chaining,"(296200101, 296200627)",1,Optimal,36,96,96,False,False,True
chaining,"(296200101, 296200625)",0,Optimal,35,97,97,True,True,False
chaining,"(296200101, 296200625)",1,Optimal,36,96,96,False,False,True
chaining,"(296200101, 294100824)",0,Optimal,35,97,97,True,True,False
chaining,"(296200101, 294100824)",1,Optimal,36,96,96,False,False,True
chaining,"(296200101, 296600060)",0,Optimal,35,97,97,True,True,False
chaining,"(296200101, 296600060)",1,Optimal,35,97,97,True,True,True
chaining,"(296200101, 296600058)",0,Optimal,35,97,97,True,True,False
chaining,"(296200101, 296600058)",1,Optimal,36,96,96,False,False,True
chaining,"(296200101, 296600062)",0,Optimal,35,97,97,True,True,False
chaining,"(296200101, 296600062)",1,Optimal,36,96,96,False,False,True
chaining,"(296100045, 200000026)",0,Optimal,35,97,97,True,True,False
chaining,"(296100045, 200000026)",1,Optimal,36,96,96,False,False,True
chaining,"(296100045, 296200626)",0,Optimal,35,97,97,True,True,False
chaining,"(296100045, 296200626)",1,Optimal,35,97,97,True,True,True
chaining,"(296100045, 296200624)",0,Optimal,35,97,97,True,True,False
chaining,"(296100045, 296200624)",1,Optimal,35,97,97,True,True,True
chaining,"(296100045, 296200099)",0,Optimal,35,97,97,True,True,False
chaining,"(296100045, 296200099)",1,Optimal,35,97,97,True,True,True
chaining,"(296100045, 296000091)",0,Optimal,35,97,97,True,True,False
chaining,"(296100045, 296000091)",1,Optimal,35,97,97,True,True,True
chaining,"(296100045, 296000097)",0,Optimal,35,97,97,True,True,False
chaining,"(296100045, 296000097)",1,Optimal,35,97,97,True,True,True
chaining,"(296100045, 296000100)",0,Optimal,35,97,97,True,True,False
chaining,"(296100045, 296000100)",1,Optimal,35,97,97,True,True,True
chaining,"(296100045, 200000229)",0,Optimal,35,97,97,True,True,True
chaining,"(296100045, 200000229)",1,Optimal,35,97,97,True,True,False
chaining,"(296200101, 296100047)",0,Optimal,35,97,97,True,True,False
chaining,"(296200101, 296100047)",1,Optimal,36,96,96,False,False,True
chaining,"(296200101, 296100041)",0,Optimal,35,97,97,True,True,True
chaining,"(296200101, 296100041)",1,Optimal,35,97,97,True,True,False
chaining,"(296100045, 296000105)",0,Optimal,35,97,97,True,True,False
chaining,"(296100045, 296000105)",1,Optimal,35,97,97,True,True,True
chaining,"(296100045, 200090702)",0,Optimal,35,97,97,True,True,False
chaining,"(296100045, 200090702)",1,Optimal,35,97,97,True,True,True
chaining,"(296100045, 295800463)",0,Optimal,35,97,97,True,True,False
chaining,"(296100045, 295800463)",1,Optimal,35,97,97,True,True,True
chaining,"(296100045, 295800464)",0,Optimal,35,97,97,True,True,False
chaining,"(296100045, 295800464)",1,Optimal,35,97,97,True,True,True
chaining,"(296100045, 295200233)",0,Optimal,35,97,97,True,True,False
chaining,"(296100045, 295200233)",1,Optimal,35,97,97,True,True,True
chaining,"(296100045, 294100316)",0,Optimal,35,97,97,True,True,False
chaining,"(296100045, 294100316)",1,Optimal,35,97,97,True,True,True
chaining,"(296100045, 200090219)",0,Optimal,35,97,97,True,True,False
chaining,"(296100045, 200090219)",1,Optimal,35,97,97,True,True,True
chaining,"(296100045, 200000221)",0,Optimal,35,97,97,True,True,False
chaining,"(296100045, 200000221)",1,Optimal,35,97,97,True,True,True
chaining,"(296100045, 294400189)",0,Optimal,35,97,97,True,True,False
chaining,"(296100045, 294400189)",1,Optimal,35,97,97,True,True,True
chaining,"(296100045, 200090225)",0,Optimal,35,97,97,True,True,False
chaining,"(296100045, 200090225)",1,Optimal,35,97,97,True,True,True
chaining,"(296100045, 296200096)",0,Optimal,35,97,97,True,True,False
chaining,"(296100045, 296200096)",1,Optimal,35,97,97,True,True,True
chaining,"(296100045, 296200093)",0,Optimal,35,97,97,True,True,False
chaining,"(296100045, 296200093)",1,Optimal,35,97,97,True,True,True
chaining,"(296100045, 296200088)",0,Optimal,35,97,97,True,True,False
chaining,"(296100045, 296200088)",1,Optimal,35,97,97,True,True,True
chaining,"(296100045, 200090682)",0,Optimal,35,97,97,True,True,False
chaining,"(296100045, 200090682)",1,Optimal,35,97,97,True,True,True
chaining,"(296100045, 294100348)",0,Optimal,35,97,97,True,True,False
chaining,"(296100045, 294100348)",1,Optimal,35,97,97,True,True,True
chaining,"(296100045, 294100352)",0,Optimal,35,97,97,True,True,False
chaining,"(296100045, 294100352)",1,Optimal,36,96,96,False,False,True
chaining,"(296100045, 295200235)",0,Optimal,35,97,97,True,True,False
chaining,"(296100045, 295200235)",1,Optimal,36,96,96,False,False,True
chaining,"(296100045, 294200141)",0,Optimal,35,97,97,True,True,False
chaining,"(296100045, 294200141)",1,Optimal,35,97,97,True,True,True
chaining,"(296100045, 294200138)",0,Optimal,35,97,97,True,True,False
chaining,"(296100045, 294200138)",1,Optimal,35,97,97,True,True,True
chaining,"(296100045, 294200175)",0,Optimal,35,97,97,True,True,False
chaining,"(296100045, 294200175)",1,Optimal,35,97,97,True,True,True
chaining,"(296100045, 200090123)",0,Optimal,35,97,97,True,True,False
chaining,"(296100045, 200090123)",1,Optimal,35,97,97,True,True,True
chaining,"(296100045, 200000121)",0,Optimal,35,97,97,True,True,False
chaining,"(296100045, 200000121)",1,Optimal,35,97,97,True,True,True
chaining,"(296100045, 296200102)",0,Optimal,35,97,97,True,True,False
chaining,"(296100045, 296200102)",1,Optimal,35,97,97,True,True,True
chaining,"(296100045, 200090402)",0,Optimal,35,97,97,True,True,False
chaining,"(296100045, 200090402)",1,Optimal,35,97,97,True,True,True
chaining,"(296100045, 295800465)",0,Optimal,35,97,97,True,True,False
chaining,"(296100045, 295800465)",1,Optimal,35,97,97,True,True,True
chaining,"(296100045, 200090404)",0,Optimal,35,97,97,True,True,False
chaining,"(296100045, 200090404)",1,Optimal,35,97,97,True,True,True
chaining,"(296100045, 200000336)",0,Optimal,35,97,97,True,True,False
chaining,"(296100045, 200000336)",1,Optimal,35,97,97,True,True,True
chaining,"(296100045, 200090340)",0,Optimal,35,97,97,True,True,False
chaining,"(296100045, 200090340)",1,Optimal,35,97,97,True,True,True
chaining,"(296100045, 200000382)",0,Optimal,35,97,97,True,True,False
chaining,"(296100045, 200000382)",1,Optimal,35,97,97,True,True,True
chaining,"(296100045, 294100344)",0,Optimal,35,97,97,True,True,False
chaining,"(296100045, 294100344)",1,Optimal,35,97,97,True,True,True
chaining,"(296100045, 294200147)",0,Optimal,35,97,97,True,True,False
chaining,"(296100045, 294200147)",1,Optimal,35,97,97,True,True,True
chaining,"(296200098, 294100826)",0,Optimal,35,97,97,True,True,False
chaining,"(296200098, 294100826)",1,Optimal,36,96,96,False,False,True
chaining,"(296200098, 294100824)",0,Optimal,35,97,97,True,True,False
chaining,"(296200098, 294100824)",1,Optimal,36,96,96,False,False,True
chaining,"(296200098, 296600054)",0,Optimal,35,97,97,True,True,False
chaining,"(296200098, 296600054)",1,Optimal,35,97,97,True,True,True
chaining,"(296100045, 295200241)",0,Optimal,35,97,97,True,True,False
chaining,"(296100045, 295200241)",1,Optimal,35,97,97,True,True,True
chaining,"(296100045, 295201004)",0,Optimal,35,97,97,True,True,False
chaining,"(296100045, 295201004)",1,Optimal,35,97,97,True,True,True
chaining,"(296100045, 294100328)",0,Optimal,35,97,97,True,True,False
chaining,"(296100045, 294100328)",1,Optimal,35,97,97,True,True,True
chaining,"(296100045, 295200253)",0,Optimal,35,97,97,True,True,False
chaining,"(296100045, 295200253)",1,Optimal,35,97,97,True,True,True
chaining,"(296200098, 296200629)",0,Optimal,35,97,97,True,True,False
chaining,"(296200098, 296200629)",1,Optimal,36,96,96,False,False,True
chaining,"(296200098, 296200627)",0,Optimal,35,97,97,True,True,False
chaining,"(296200098, 296200627)",1,Optimal,36,96,96,False,False,True
chaining,"(296200098, 296200625)",0,Optimal,35,97,97,True,True,False
chaining,"(296200098, 296200625)",1,Optimal,36,96,96,False,False,True
chaining,"(296200098, 296100047)",0,Optimal,35,97,97,True,True,False
chaining,"(296200098, 296100047)",1,Optimal,36,96,96,False,False,True
chaining,"(296100044, 296000091)",0,Optimal,35,97,97,True,True,False
chaining,"(296100044, 296000091)",1,Optimal,35,97,97,True,True,True
chaining,"(296100044, 296000097)",0,Optimal,35,97,97,True,True,False
chaining,"(296100044, 296000097)",1,Optimal,35,97,97,True,True,True
chaining,"(296100044, 296000100)",0,Optimal,35,97,97,True,True,False
chaining,"(296100044, 296000100)",1,Optimal,35,97,97,True,True,True
chaining,"(296100044, 200000229)",0,Optimal,35,97,97,True,True,False
chaining,"(296100044, 200000229)",1,Optimal,35,97,97,True,True,True
chaining,"(296200098, 296100041)",0,Optimal,35,97,97,True,True,False
chaining,"(296200098, 296100041)",1,Optimal,35,97,97,True,True,True
chaining,"(296200098, 296100057)",0,Optimal,35,97,97,True,True,False
chaining,"(296200098, 296100057)",1,Optimal,35,97,97,True,True,True
chaining,"(296100044, 296000105)",0,Optimal,35,97,97,True,True,False
chaining,"(296100044, 296000105)",1,Optimal,35,97,97,True,True,True
chaining,"(296100044, 200090702)",0,Optimal,35,97,97,True,True,False
chaining,"(296100044, 200090702)",1,Optimal,35,97,97,True,True,True
chaining,"(296100044, 296200096)",0,Optimal,35,97,97,True,True,False
chaining,"(296100044, 296200096)",1,Optimal,35,97,97,True,True,True
chaining,"(296100044, 296200093)",0,Optimal,35,97,97,True,True,False
chaining,"(296100044, 296200093)",1,Optimal,35,97,97,True,True,True
chaining,"(296100044, 296200088)",0,Optimal,35,97,97,True,True,False
chaining,"(296100044, 296200088)",1,Optimal,35,97,97,True,True,True
chaining,"(296100044, 200090682)",0,Optimal,35,97,97,True,True,False
chaining,"(296100044, 200090682)",1,Optimal,35,97,97,True,True,True
chaining,"(296200098, 296600060)",0,Optimal,35,97,97,True,True,True
chaining,"(296200098, 296600060)",1,Optimal,35,97,97,True,True,False
chaining,"(296200098, 296600058)",0,Optimal,35,97,97,True,True,False
chaining,"(296200098, 296600058)",1,Optimal,36,96,96,False,False,True
chaining,"(296200098, 296600062)",0,Optimal,35,97,97,True,True,False
chaining,"(296200098, 296600062)",1,Optimal,36,96,96,False,False,True
chaining,"(296200098, 200000029)",0,Optimal,35,97,97,True,True,False
chaining,"(296200098, 200000029)",1,Optimal,36,96,96,False,False,True
chaining,"(296100044, 294400182)",0,Optimal,35,97,97,True,True,False
chaining,"(296100044, 294400182)",1,Optimal,35,97,97,True,True,True
chaining,"(296100044, 294300211)",0,Optimal,35,97,97,True,True,False
chaining,"(296100044, 294300211)",1,Optimal,35,97,97,True,True,True
chaining,"(296100044, 294300215)",0,Optimal,35,97,97,True,True,False
chaining,"(296100044, 294300215)",1,Optimal,35,97,97,True,True,True
chaining,"(296100044, 294300217)",0,Optimal,35,97,97,True,True,False
chaining,"(296100044, 294300217)",1,Optimal,35,97,97,True,True,True
chaining,"(296100044, 200090219)",0,Optimal,35,97,97,True,True,False
chaining,"(296100044, 200090219)",1,Optimal,35,97,97,True,True,True
chaining,"(296100044, 200000221)",0,Optimal,35,97,97,True,True,False
chaining,"(296100044, 200000221)",1,Optimal,35,97,97,True,True,True
chaining,"(296100044, 294400189)",0,Optimal,35,97,97,True,True,False
chaining,"(296100044, 294400189)",1,Optimal,35,97,97,True,True,True
chaining,"(296100044, 200090225)",0,Optimal,35,97,97,True,True,False
chaining,"(296100044, 200090225)",1,Optimal,35,97,97,True,True,True
chaining,"(296100044, 294100328)",0,Optimal,35,97,97,True,True,False
chaining,"(296100044, 294100328)",1,Optimal,35,97,97,True,True,True
chaining,"(296100044, 295200253)",0,Optimal,35,97,97,True,True,False
chaining,"(296100044, 295200253)",1,Optimal,35,97,97,True,True,True
chaining,"(296100044, 200000336)",0,Optimal,35,97,97,True,True,False
chaining,"(296100044, 200000336)",1,Optimal,35,97,97,True,True,True
chaining,"(296100044, 200090340)",0,Optimal,35,97,97,True,True,False
chaining,"(296100044, 200090340)",1,Optimal,35,97,97,True,True,True
chaining,"(296100044, 295200233)",0,Optimal,35,97,97,True,True,False
chaining,"(296100044, 295200233)",1,Optimal,35,97,97,True,True,True
chaining,"(296100044, 294100316)",0,Optimal,35,97,97,True,True,False
chaining,"(296100044, 294100316)",1,Optimal,35,97,97,True,True,True
chaining,"(296100044, 295200241)",0,Optimal,35,97,97,True,True,False
chaining,"(296100044, 295200241)",1,Optimal,35,97,97,True,True,True
chaining,"(296100044, 295201004)",0,Optimal,35,97,97,True,True,True
chaining,"(296100044, 295201004)",1,Optimal,35,97,97,True,True,False
chaining,"(296100044, 200000382)",0,Optimal,35,97,97,True,True,False
chaining,"(296100044, 200000382)",1,Optimal,35,97,97,True,True,True
chaining,"(296100044, 294100344)",0,Optimal,35,97,97,True,True,False
chaining,"(296100044, 294100344)",1,Optimal,35,97,97,True,True,True
chaining,"(296100044, 294100348)",0,Optimal,35,97,97,True,True,False
chaining,"(296100044, 294100348)",1,Optimal,35,97,97,True,True,True
chaining,"(296100044, 294100352)",0,Optimal,35,97,97,True,True,False
chaining,"(296100044, 294100352)",1,Optimal,36,96,96,False,False,True
chaining,"(296100044, 200090404)",0,Optimal,35,97,97,True,True,False
chaining,"(296100044, 200090404)",1,Optimal,35,97,97,True,True,True
chaining,"(296100044, 295800463)",0,Optimal,35,97,97,True,True,False
chaining,"(296100044, 295800463)",1,Optimal,35,97,97,True,True,True
chaining,"(296100044, 295800464)",0,Optimal,35,97,97,True,True,False
chaining,"(296100044, 295800464)",1,Optimal,35,97,97,True,True,True
chaining,"(296100044, 200090308)",0,Optimal,35,97,97,True,True,False
chaining,"(296100044, 200090308)",1,Optimal,35,97,97,True,True,True
chaining,"(296100044, 200000026)",0,Optimal,35,97,97,True,True,False
chaining,"(296100044, 200000026)",1,Optimal,36,96,96,False,False,True
chaining,"(296100044, 296200626)",0,Optimal,35,97,97,True,True,False
chaining,"(296100044, 296200626)",1,Optimal,35,97,97,True,True,True
chaining,"(296100044, 296200624)",0,Optimal,35,97,97,True,True,False
chaining,"(296100044, 296200624)",1,Optimal,35,97,97,True,True,True
chaining,"(296100044, 296200099)",0,Optimal,35,97,97,True,True,False
chaining,"(296100044, 296200099)",1,Optimal,35,97,97,True,True,True
chaining,"(296100044, 296200102)",0,Optimal,35,97,97,True,True,False
chaining,"(296100044, 296200102)",1,Optimal,35,97,97,True,True,True
chaining,"(296100044, 296200101)",0,Optimal,35,97,97,True,True,False
chaining,"(296100044, 296200101)",1,Optimal,35,97,97,True,True,True
chaining,"(296100044, 200090402)",0,Optimal,35,97,97,True,True,False
chaining,"(296100044, 200090402)",1,Optimal,35,97,97,True,True,True
chaining,"(296100044, 295800465)",0,Optimal,35,97,97,True,True,False
chaining,"(296100044, 295800465)",1,Optimal,35,97,97,True,True,True
chaining,"(296100044, 200090123)",0,Optimal,35,97,97,True,True,False
chaining,"(296100044, 200090123)",1,Optimal,35,97,97,True,True,True
chaining,"(296100044, 200000121)",0,Optimal,35,97,97,True,True,False
chaining,"(296100044, 200000121)",1,Optimal,35,97,97,True,True,True
chaining,"(296100044, 294200147)",0,Optimal,35,97,97,True,True,False
chaining,"(296100044, 294200147)",1,Optimal,35,97,97,True,True,True
chaining,"(296100044, 294200133)",0,Optimal,35,97,97,True,True,False
chaining,"(296100044, 294200133)",1,Optimal,35,97,97,True,True,True
chaining,"(200090402, 294100827)",0,Optimal,35,97,97,True,True,False
chaining,"(200090402, 294100827)",1,Optimal,35,97,97,True,True,True
chaining,"(200090402, 200000817)",0,Optimal,35,97,97,True,True,False
chaining,"(200090402, 200000817)",1,Optimal,35,97,97,True,True,True
chaining,"(200090402, 294100823)",0,Optimal,35,97,97,True,True,False
chaining,"(200090402, 294100823)",1,Optimal,35,97,97,True,True,True
chaining,"(200090402, 295700445)",0,Optimal,35,97,97,True,True,True
chaining,"(200090402, 295700445)",1,Optimal,35,97,97,True,True,False
chaining,"(295700441, 296000097)",0,Optimal,35,97,97,True,True,False
chaining,"(295700441, 296000097)",1,Optimal,35,97,97,True,True,True
chaining,"(295700441, 296000100)",0,Optimal,35,97,97,True,True,False
chaining,"(295700441, 296000100)",1,Optimal,35,97,97,True,True,True
chaining,"(295700441, 200090205)",0,Optimal,35,97,97,True,True,False
chaining,"(295700441, 200090205)",1,Optimal,35,97,97,True,True,True
chaining,"(295700441, 294400173)",0,Optimal,35,97,97,True,True,True
chaining,"(295700441, 294400173)",1,Optimal,35,97,97,True,True,False
chaining,"(296100044, 295200235)",0,Optimal,35,97,97,True,True,False
chaining,"(296100044, 295200235)",1,Optimal,36,96,96,False,False,True
chaining,"(296100044, 294200141)",0,Optimal,35,97,97,True,True,False
chaining,"(296100044, 294200141)",1,Optimal,35,97,97,True,True,True
chaining,"(296100044, 294200138)",0,Optimal,35,97,97,True,True,False
chaining,"(296100044, 294200138)",1,Optimal,35,97,97,True,True,True
chaining,"(296100044, 294200175)",0,Optimal,35,97,97,True,True,False
chaining,"(296100044, 294200175)",1,Optimal,35,97,97,True,True,True
chaining,"(295700441, 200090225)",0,Optimal,35,97,97,True,True,False
chaining,"(295700441, 200090225)",1,Optimal,35,97,97,True,True,True
chaining,"(295700441, 200000026)",0,Optimal,35,97,97,True,True,False
chaining,"(295700441, 200000026)",1,Optimal,36,96,96,False,False,True
chaining,"(295700441, 296200626)",0,Optimal,35,97,97,True,True,False
chaining,"(295700441, 296200626)",1,Optimal,35,97,97,True,True,True
chaining,"(295700441, 296200624)",0,Optimal,35,97,97,True,True,False
chaining,"(295700441, 296200624)",1,Optimal,35,97,97,True,True,True
chaining,"(295700441, 296000081)",0,Optimal,35,97,97,True,True,False
chaining,"(295700441, 296000081)",1,Optimal,35,97,97,True,True,True
chaining,"(295700441, 296000105)",0,Optimal,35,97,97,True,True,False
chaining,"(295700441, 296000105)",1,Optimal,35,97,97,True,True,True
chaining,"(295700441, 200090702)",0,Optimal,35,97,97,True,True,False
chaining,"(295700441, 200090702)",1,Optimal,35,97,97,True,True,True
chaining,"(295700441, 296000091)",0,Optimal,35,97,97,True,True,False
chaining,"(295700441, 296000091)",1,Optimal,35,97,97,True,True,True
chaining,"(295700441, 200000229)",0,Optimal,35,97,97,True,True,False
chaining,"(295700441, 200000229)",1,Optimal,35,97,97,True,True,True
chaining,"(295700441, 294400182)",0,Optimal,35,97,97,True,True,False
chaining,"(295700441, 294400182)",1,Optimal,35,97,97,True,True,True
chaining,"(295700441, 294300211)",0,Optimal,35,97,97,True,True,False
chaining,"(295700441, 294300211)",1,Optimal,35,97,97,True,True,True
chaining,"(295700441, 294300215)",0,Optimal,35,97,97,True,True,False
chaining,"(295700441, 294300215)",1,Optimal,35,97,97,True,True,True
chaining,"(295700441, 294300217)",0,Optimal,35,97,97,True,True,False
chaining,"(295700441, 294300217)",1,Optimal,35,97,97,True,True,True
chaining,"(295700441, 200090219)",0,Optimal,35,97,97,True,True,False
chaining,"(295700441, 200090219)",1,Optimal,35,97,97,True,True,True
chaining,"(295700441, 200000221)",0,Optimal,35,97,97,True,True,False
chaining,"(295700441, 200000221)",1,Optimal,35,97,97,True,True,True
chaining,"(295700441, 294400189)",0,Optimal,35,97,97,True,True,False
chaining,"(295700441, 294400189)",1,Optimal,35,97,97,True,True,True
chaining,"(295700441, 200090402)",0,Optimal,35,97,97,True,True,False
chaining,"(295700441, 200090402)",1,Optimal,35,97,97,True,True,True
chaining,"(295700441, 295800465)",0,Optimal,35,97,97,True,True,False
chaining,"(295700441, 295800465)",1,Optimal,35,97,97,True,True,True
chaining,"(295700441, 200090404)",0,Optimal,35,97,97,True,True,False
chaining,"(295700441, 200090404)",1,Optimal,35,97,97,True,True,True
chaining,"(295700441, 295800463)",0,Optimal,35,97,97,True,True,False
chaining,"(295700441, 295800463)",1,Optimal,35,97,97,True,True,True
chaining,"(295700441, 200090682)",0,Optimal,35,97,97,True,True,False
chaining,"(295700441, 200090682)",1,Optimal,35,97,97,True,True,True
chaining,"(295700441, 296200102)",0,Optimal,35,97,97,True,True,False
chaining,"(295700441, 296200102)",1,Optimal,35,97,97,True,True,True
chaining,"(295700441, 296200101)",0,Optimal,35,97,97,True,True,False
chaining,"(295700441, 296200101)",1,Optimal,35,97,97,True,True,True
chaining,"(295700441, 296200098)",0,Optimal,35,97,97,True,True,False
chaining,"(295700441, 296200098)",1,Optimal,35,97,97,True,True,True
chaining,"(295700441, 296200099)",0,Optimal,35,97,97,True,True,False
chaining,"(295700441, 296200099)",1,Optimal,35,97,97,True,True,True
chaining,"(295700441, 296200096)",0,Optimal,35,97,97,True,True,False
chaining,"(295700441, 296200096)",1,Optimal,35,97,97,True,True,True
chaining,"(295700441, 296200093)",0,Optimal,35,97,97,True,True,False
chaining,"(295700441, 296200093)",1,Optimal,35,97,97,True,True,True
chaining,"(295700441, 296200088)",0,Optimal,35,97,97,True,True,False
chaining,"(295700441, 296200088)",1,Optimal,35,97,97,True,True,True
chaining,"(295700441, 295200233)",0,Optimal,35,97,97,True,True,False
chaining,"(295700441, 295200233)",1,Optimal,35,97,97,True,True,True
chaining,"(295700441, 294100316)",0,Optimal,35,97,97,True,True,False
chaining,"(295700441, 294100316)",1,Optimal,35,97,97,True,True,True
chaining,"(295700441, 295200241)",0,Optimal,35,97,97,True,True,False
chaining,"(295700441, 295200241)",1,Optimal,35,97,97,True,True,True
chaining,"(295700441, 295201004)",0,Optimal,35,97,97,True,True,False
chaining,"(295700441, 295201004)",1,Optimal,35,97,97,True,True,True
chaining,"(295700441, 294200175)",0,Optimal,35,97,97,True,True,False
chaining,"(295700441, 294200175)",1,Optimal,35,97,97,True,True,True
chaining,"(295700441, 200090123)",0,Optimal,35,97,97,True,True,False
chaining,"(295700441, 200090123)",1,Optimal,35,97,97,True,True,True
chaining,"(295700441, 200000121)",0,Optimal,35,97,97,True,True,False
chaining,"(295700441, 200000121)",1,Optimal,35,97,97,True,True,True
chaining,"(295700441, 294200147)",0,Optimal,35,97,97,True,True,False
chaining,"(295700441, 294200147)",1,Optimal,35,97,97,True,True,True
chaining,"(295700441, 295800464)",0,Optimal,35,97,97,True,True,False
chaining,"(295700441, 295800464)",1,Optimal,35,97,97,True,True,True
chaining,"(295700441, 200000300)",0,Optimal,35,97,97,True,True,False
chaining,"(295700441, 200000300)",1,Optimal,35,97,97,True,True,True
chaining,"(295700441, 295200225)",0,Optimal,35,97,97,True,True,False
chaining,"(295700441, 295200225)",1,Optimal,35,97,97,True,True,True
chaining,"(295700441, 200090308)",0,Optimal,35,97,97,True,True,False
chaining,"(295700441, 200090308)",1,Optimal,35,97,97,True,True,True
chaining,"(295700442, 200000229)",0,Optimal,35,97,97,True,True,False
chaining,"(295700442, 200000229)",1,Optimal,35,97,97,True,True,True
chaining,"(295700442, 294400182)",0,Optimal,35,97,97,True,True,False
chaining,"(295700442, 294400182)",1,Optimal,35,97,97,True,True,True
chaining,"(295700442, 294300211)",0,Optimal,35,97,97,True,True,False
chaining,"(295700442, 294300211)",1,Optimal,35,97,97,True,True,True
chaining,"(295700442, 294300215)",0,Optimal,35,97,97,True,True,False
chaining,"(295700442, 294300215)",1,Optimal,35,97,97,True,True,True
chaining,"(295700441, 294100328)",0,Optimal,35,97,97,True,True,False
chaining,"(295700441, 294100328)",1,Optimal,35,97,97,True,True,True
chaining,"(295700441, 295200253)",0,Optimal,35,97,97,True,True,False
chaining,"(295700441, 295200253)",1,Optimal,35,97,97,True,True,True
chaining,"(295700441, 200000336)",0,Optimal,35,97,97,True,True,False
chaining,"(295700441, 200000336)",1,Optimal,35,97,97,True,True,True
chaining,"(295700441, 200090340)",0,Optimal,35,97,97,True,True,False
chaining,"(295700441, 200090340)",1,Optimal,35,97,97,True,True,True
chaining,"(295700442, 296000091)",0,Optimal,35,97,97,True,True,False
chaining,"(295700442, 296000091)",1,Optimal,35,97,97,True,True,True
chaining,"(295700442, 296000097)",0,Optimal,35,97,97,True,True,False
chaining,"(295700442, 296000097)",1,Optimal,35,97,97,True,True,True
chaining,"(295700442, 296000100)",0,Optimal,35,97,97,True,True,False
chaining,"(295700442, 296000100)",1,Optimal,35,97,97,True,True,True
chaining,"(295700442, 294400173)",0,Optimal,35,97,97,True,True,False
chaining,"(295700442, 294400173)",1,Optimal,35,97,97,True,True,True
chaining,"(295700441, 295200235)",0,Optimal,35,97,97,True,True,False
chaining,"(295700441, 295200235)",1,Optimal,36,96,96,False,False,True
chaining,"(295700441, 294200134)",0,Optimal,35,97,97,True,True,False
chaining,"(295700441, 294200134)",1,Optimal,35,97,97,True,True,True
chaining,"(295700441, 294200141)",0,Optimal,35,97,97,True,True,False
chaining,"(295700441, 294200141)",1,Optimal,35,97,97,True,True,True
chaining,"(295700441, 294200138)",0,Optimal,35,97,97,True,True,False
chaining,"(295700441, 294200138)",1,Optimal,35,97,97,True,True,True
chaining,"(295700441, 200000382)",0,Optimal,35,97,97,True,True,False
chaining,"(295700441, 200000382)",1,Optimal,35,97,97,True,True,True
chaining,"(295700441, 294100344)",0,Optimal,35,97,97,True,True,False
chaining,"(295700441, 294100344)",1,Optimal,35,97,97,True,True,True
chaining,"(295700441, 294100348)",0,Optimal,35,97,97,True,True,False
chaining,"(295700441, 294100348)",1,Optimal,35,97,97,True,True,True
chaining,"(295700441, 294100352)",0,Optimal,35,97,97,True,True,False
chaining,"(295700441, 294100352)",1,Optimal,36,96,96,False,False,True
chaining,"(295700441, 294200133)",0,Optimal,35,97,97,True,True,False
chaining,"(295700441, 294200133)",1,Optimal,35,97,97,True,True,True
chaining,"(295700442, 296000081)",0,Optimal,35,97,97,True,True,False
chaining,"(295700442, 296000081)",1,Optimal,35,97,97,True,True,True
chaining,"(295700442, 296000105)",0,Optimal,35,97,97,True,True,False
chaining,"(295700442, 296000105)",1,Optimal,35,97,97,True,True,True
chaining,"(295700442, 200090702)",0,Optimal,35,97,97,True,True,False
chaining,"(295700442, 200090702)",1,Optimal,35,97,97,True,True,True
chaining,"(295700442, 200090225)",0,Optimal,35,97,97,True,True,False
chaining,"(295700442, 200090225)",1,Optimal,35,97,97,True,True,True
chaining,"(295700442, 200000026)",0,Optimal,35,97,97,True,True,False
chaining,"(295700442, 200000026)",1,Optimal,36,96,96,False,False,True
chaining,"(295700442, 296200626)",0,Optimal,35,97,97,True,True,False
chaining,"(295700442, 296200626)",1,Optimal,35,97,97,True,True,True
chaining,"(295700442, 296200624)",0,Optimal,35,97,97,True,True,False
chaining,"(295700442, 296200624)",1,Optimal,35,97,97,True,True,True
chaining,"(295700442, 294300217)",0,Optimal,35,97,97,True,True,False
chaining,"(295700442, 294300217)",1,Optimal,35,97,97,True,True,True
chaining,"(295700442, 200090219)",0,Optimal,35,97,97,True,True,False
chaining,"(295700442, 200090219)",1,Optimal,35,97,97,True,True,True
chaining,"(295700442, 200000221)",0,Optimal,35,97,97,True,True,False
chaining,"(295700442, 200000221)",1,Optimal,35,97,97,True,True,True
chaining,"(295700442, 294400189)",0,Optimal,35,97,97,True,True,False
chaining,"(295700442, 294400189)",1,Optimal,35,97,97,True,True,True
chaining,"(295700442, 200090682)",0,Optimal,35,97,97,True,True,False
chaining,"(295700442, 200090682)",1,Optimal,35,97,97,True,True,True
chaining,"(295700442, 296200102)",0,Optimal,35,97,97,True,True,False
chaining,"(295700442, 296200102)",1,Optimal,35,97,97,True,True,True
chaining,"(295700442, 296200101)",0,Optimal,35,97,97,True,True,False
chaining,"(295700442, 296200101)",1,Optimal,35,97,97,True,True,True
chaining,"(295700442, 200090402)",0,Optimal,35,97,97,True,True,False
chaining,"(295700442, 200090402)",1,Optimal,35,97,97,True,True,True
chaining,"(295700442, 295800465)",0,Optimal,35,97,97,True,True,False
chaining,"(295700442, 295800465)",1,Optimal,35,97,97,True,True,True
chaining,"(295700442, 200090404)",0,Optimal,35,97,97,True,True,False
chaining,"(295700442, 200090404)",1,Optimal,35,97,97,True,True,True
chaining,"(295700442, 295800463)",0,Optimal,35,97,97,True,True,False
chaining,"(295700442, 295800463)",1,Optimal,35,97,97,True,True,True
chaining,"(295700442, 295800464)",0,Optimal,35,97,97,True,True,False
chaining,"(295700442, 295800464)",1,Optimal,35,97,97,True,True,True
chaining,"(295700442, 295200241)",0,Optimal,35,97,97,True,True,False
chaining,"(295700442, 295200241)",1,Optimal,35,97,97,True,True,True
chaining,"(295700442, 295201004)",0,Optimal,35,97,97,True,True,False
chaining,"(295700442, 295201004)",1,Optimal,35,97,97,True,True,True
chaining,"(295700442, 294100328)",0,Optimal,35,97,97,True,True,False
chaining,"(295700442, 294100328)",1,Optimal,35,97,97,True,True,True
chaining,"(295700442, 295200253)",0,Optimal,35,97,97,True,True,False
chaining,"(295700442, 295200253)",1,Optimal,35,97,97,True,True,True
chaining,"(295700442, 294100348)",0,Optimal,35,97,97,True,True,False
chaining,"(295700442, 294100348)",1,Optimal,35,97,97,True,True,True
chaining,"(295700442, 294100352)",0,Optimal,35,97,97,True,True,False
chaining,"(295700442, 294100352)",1,Optimal,36,96,96,False,False,True
chaining,"(295700442, 295200235)",0,Optimal,35,97,97,True,True,False
chaining,"(295700442, 295200235)",1,Optimal,36,96,96,False,False,True
chaining,"(295700442, 294200141)",0,Optimal,35,97,97,True,True,False
chaining,"(295700442, 294200141)",1,Optimal,35,97,97,True,True,True
chaining,"(295700442, 200000336)",0,Optimal,35,97,97,True,True,False
chaining,"(295700442, 200000336)",1,Optimal,35,97,97,True,True,True
chaining,"(295700442, 200090340)",0,Optimal,35,97,97,True,True,False
chaining,"(295700442, 200090340)",1,Optimal,35,97,97,True,True,True
chaining,"(295700442, 200000382)",0,Optimal,35,97,97,True,True,False
chaining,"(295700442, 200000382)",1,Optimal,35,97,97,True,True,True
chaining,"(295700442, 294100344)",0,Optimal,35,97,97,True,True,False
chaining,"(295700442, 294100344)",1,Optimal,35,97,97,True,True,True
chaining,"(295700442, 296200099)",0,Optimal,35,97,97,True,True,False
chaining,"(295700442, 296200099)",1,Optimal,35,97,97,True,True,True
chaining,"(295700442, 296200096)",0,Optimal,35,97,97,True,True,True
chaining,"(295700442, 296200096)",1,Optimal,35,97,97,True,True,False
chaining,"(295700442, 296200093)",0,Optimal,35,97,97,True,True,False
chaining,"(295700442, 296200093)",1,Optimal,35,97,97,True,True,True
chaining,"(295700442, 296200088)",0,Optimal,35,97,97,True,True,False
chaining,"(295700442, 296200088)",1,Optimal,35,97,97,True,True,True
chaining,"(295700442, 294200138)",0,Optimal,35,97,97,True,True,False
chaining,"(295700442, 294200138)",1,Optimal,35,97,97,True,True,True
chaining,"(295700442, 294200175)",0,Optimal,35,97,97,True,True,False
chaining,"(295700442, 294200175)",1,Optimal,35,97,97,True,True,True
chaining,"(295700442, 200090123)",0,Optimal,35,97,97,True,True,False
chaining,"(295700442, 200090123)",1,Optimal,35,97,97,True,True,True
chaining,"(295700442, 200000121)",0,Optimal,35,97,97,True,True,False
chaining,"(295700442, 200000121)",1,Optimal,35,97,97,True,True,True
chaining,"(295700442, 295200225)",0,Optimal,35,97,97,True,True,False
chaining,"(295700442, 295200225)",1,Optimal,35,97,97,True,True,True
chaining,"(295700442, 200090308)",0,Optimal,35,97,97,True,True,False
chaining,"(295700442, 200090308)",1,Optimal,35,97,97,True,True,True
chaining,"(295700442, 295200233)",0,Optimal,35,97,97,True,True,False
chaining,"(295700442, 295200233)",1,Optimal,35,97,97,True,True,True
chaining,"(295700442, 294100316)",0,Optimal,35,97,97,True,True,False
chaining,"(295700442, 294100316)",1,Optimal,35,97,97,True,True,True
chaining,"(295700442, 294200147)",0,Optimal,35,97,97,True,True,False
chaining,"(295700442, 294200147)",1,Optimal,35,97,97,True,True,True
chaining,"(295700442, 294200133)",0,Optimal,35,97,97,True,True,False
chaining,"(295700442, 294200133)",1,Optimal,35,97,97,True,True,True
chaining,"(200090405, 296000105)",0,Optimal,35,97,97,True,True,False
chaining,"(200090405, 296000105)",1,Optimal,35,97,97,True,True,True
chaining,"(200090405, 200090702)",0,Optimal,35,97,97,True,True,False
chaining,"(200090405, 200090702)",1,Optimal,35,97,97,True,True,True
chaining,"(200090405, 294400182)",0,Optimal,35,97,97,True,True,False
chaining,"(200090405, 294400182)",1,Optimal,35,97,97,True,True,True
chaining,"(200090405, 294300211)",0,Optimal,35,97,97,True,True,False
chaining,"(200090405, 294300211)",1,Optimal,35,97,97,True,True,True
chaining,"(200090405, 294300215)",0,Optimal,35,97,97,True,True,False
chaining,"(200090405, 294300215)",1,Optimal,35,97,97,True,True,True
chaining,"(200090405, 294300217)",0,Optimal,35,97,97,True,True,False
chaining,"(200090405, 294300217)",1,Optimal,35,97,97,True,True,True
chaining,"(200090405, 296000091)",0,Optimal,35,97,97,True,True,False
chaining,"(200090405, 296000091)",1,Optimal,35,97,97,True,True,True
chaining,"(200090405, 296000097)",0,Optimal,35,97,97,True,True,False
chaining,"(200090405, 296000097)",1,Optimal,35,97,97,True,True,True
chaining,"(200090405, 296000100)",0,Optimal,35,97,97,True,True,False
chaining,"(200090405, 296000100)",1,Optimal,35,97,97,True,True,True
chaining,"(200090405, 200000229)",0,Optimal,35,97,97,True,True,False
chaining,"(200090405, 200000229)",1,Optimal,35,97,97,True,True,True
chaining,"(200090405, 296200096)",0,Optimal,35,97,97,True,True,False
chaining,"(200090405, 296200096)",1,Optimal,35,97,97,True,True,True
chaining,"(200090405, 296200093)",0,Optimal,35,97,97,True,True,False
chaining,"(200090405, 296200093)",1,Optimal,35,97,97,True,True,True
chaining,"(200090405, 296200088)",0,Optimal,35,97,97,True,True,False
chaining,"(200090405, 296200088)",1,Optimal,35,97,97,True,True,True
chaining,"(200090405, 200090682)",0,Optimal,35,97,97,True,True,False
chaining,"(200090405, 200090682)",1,Optimal,35,97,97,True,True,True
chaining,"(200090405, 200090219)",0,Optimal,35,97,97,True,True,False
chaining,"(200090405, 200090219)",1,Optimal,35,97,97,True,True,True
chaining,"(200090405, 200000221)",0,Optimal,35,97,97,True,True,False
chaining,"(200090405, 200000221)",1,Optimal,35,97,97,True,True,True
chaining,"(200090405, 294400189)",0,Optimal,35,97,97,True,True,False
chaining,"(200090405, 294400189)",1,Optimal,35,97,97,True,True,True
chaining,"(200090405, 200090225)",0,Optimal,35,97,97,True,True,False
chaining,"(200090405, 200090225)",1,Optimal,35,97,97,True,True,True
chaining,"(200090405, 294100316)",0,Optimal,35,97,97,True,True,False
chaining,"(200090405, 294100316)",1,Optimal,35,97,97,True,True,True
chaining,"(200090405, 295200241)",0,Optimal,35,97,97,True,True,False
chaining,"(200090405, 295200241)",1,Optimal,35,97,97,True,True,True
chaining,"(200090405, 295201004)",0,Optimal,35,97,97,True,True,False
chaining,"(200090405, 295201004)",1,Optimal,35,97,97,True,True,True
chaining,"(200090405, 294100328)",0,Optimal,35,97,97,True,True,False
chaining,"(200090405, 294100328)",1,Optimal,35,97,97,True,True,True
chaining,"(200090405, 200000026)",0,Optimal,35,97,97,True,True,False
chaining,"(200090405, 200000026)",1,Optimal,36,96,96,False,False,True
chaining,"(200090405, 296200626)",0,Optimal,35,97,97,True,True,False
chaining,"(200090405, 296200626)",1,Optimal,35,97,97,True,True,True
chaining,"(200090405, 296200624)",0,Optimal,35,97,97,True,True,False
chaining,"(200090405, 296200624)",1,Optimal,35,97,97,True,True,True
chaining,"(200090405, 296200099)",0,Optimal,35,97,97,True,True,False
chaining,"(200090405, 296200099)",1,Optimal,35,97,97,True,True,True
chaining,"(200090405, 295200253)",0,Optimal,35,97,97,True,True,False
chaining,"(200090405, 295200253)",1,Optimal,35,97,97,True,True,True
chaining,"(200090405, 200000336)",0,Optimal,35,97,97,True,True,False
chaining,"(200090405, 200000336)",1,Optimal,35,97,97,True,True,True
chaining,"(200090405, 200090340)",0,Optimal,35,97,97,True,True,False
chaining,"(200090405, 200090340)",1,Optimal,35,97,97,True,True,True
chaining,"(200090405, 200000382)",0,Optimal,35,97,97,True,True,False
chaining,"(200090405, 200000382)",1,Optimal,35,97,97,True,True,True
chaining,"(200090405, 296200102)",0,Optimal,35,97,97,True,True,False
chaining,"(200090405, 296200102)",1,Optimal,35,97,97,True,True,True
chaining,"(200090405, 200090402)",0,Optimal,35,97,97,True,True,False
chaining,"(200090405, 200090402)",1,Optimal,35,97,97,True,True,True
chaining,"(200090405, 295800465)",0,Optimal,35,97,97,True,True,False
chaining,"(200090405, 295800465)",1,Optimal,35,97,97,True,True,True
chaining,"(200090405, 200090404)",0,Optimal,35,97,97,True,True,False
chaining,"(200090405, 200090404)",1,Optimal,35,97,97,True,True,True
chaining,"(200090405, 294200141)",0,Optimal,35,97,97,True,True,False
chaining,"(200090405, 294200141)",1,Optimal,35,97,97,True,True,True
chaining,"(200090405, 294200138)",0,Optimal,35,97,97,True,True,False
chaining,"(200090405, 294200138)",1,Optimal,35,97,97,True,True,True
chaining,"(200090405, 294200175)",0,Optimal,35,97,97,True,True,False
chaining,"(200090405, 294200175)",1,Optimal,35,97,97,True,True,True
chaining,"(200090405, 200090123)",0,Optimal,35,97,97,True,True,False
chaining,"(200090405, 200090123)",1,Optimal,35,97,97,True,True,True
chaining,"(200090405, 295800463)",0,Optimal,35,97,97,True,True,False
chaining,"(200090405, 295800463)",1,Optimal,35,97,97,True,True,True
chaining,"(200090405, 295800464)",0,Optimal,35,97,97,True,True,False
chaining,"(200090405, 295800464)",1,Optimal,35,97,97,True,True,True
chaining,"(200090405, 200090308)",0,Optimal,35,97,97,True,True,False
chaining,"(200090405, 200090308)",1,Optimal,35,97,97,True,True,True
chaining,"(200090405, 295200233)",0,Optimal,35,97,97,True,True,False
chaining,"(200090405, 295200233)",1,Optimal,35,97,97,True,True,True
chaining,"(200090405, 294100344)",0,Optimal,35,97,97,True,True,False
chaining,"(200090405, 294100344)",1,Optimal,35,97,97,True,True,True
chaining,"(200090405, 294100348)",0,Optimal,35,97,97,True,True,False
chaining,"(200090405, 294100348)",1,Optimal,35,97,97,True,True,True
chaining,"(200090405, 294100352)",0,Optimal,35,97,97,True,True,False
chaining,"(200090405, 294100352)",1,Optimal,36,96,96,False,False,True
chaining,"(200090405, 295200235)",0,Optimal,35,97,97,True,True,False
chaining,"(200090405, 295200235)",1,Optimal,36,96,96,False,False,True
chaining,"(200090405, 200000121)",0,Optimal,35,97,97,True,True,False
chaining,"(200090405, 200000121)",1,Optimal,35,97,97,True,True,True
chaining,"(200090405, 294200147)",0,Optimal,35,97,97,True,True,True
chaining,"(200090405, 294200147)",1,Optimal,35,97,97,True,True,False
chaining,"(200090405, 294200133)",0,Optimal,35,97,97,True,True,False
chaining,"(200090405, 294200133)",1,Optimal,35,97,97,True,True,True
chaining,"(295700445, 296000105)",0,Optimal,35,97,97,True,True,False
chaining,"(295700445, 296000105)",1,Optimal,35,97,97,True,True,True
chaining,"(295700445, 296200624)",0,Optimal,35,97,97,True,True,True
chaining,"(295700445, 296200624)",1,Optimal,35,97,97,True,True,False
chaining,"(295700445, 296200099)",0,Optimal,35,97,97,True,True,False
chaining,"(295700445, 296200099)",1,Optimal,35,97,97,True,True,True
chaining,"(295700445, 295800465)",0,Optimal,35,97,97,True,True,False
chaining,"(295700445, 295800465)",1,Optimal,35,97,97,True,True,True
chaining,"(295700445, 200090404)",0,Optimal,35,97,97,True,True,False
chaining,"(295700445, 200090404)",1,Optimal,35,97,97,True,True,True
chaining,"(295700445, 296000091)",0,Optimal,35,97,97,True,True,False
chaining,"(295700445, 296000091)",1,Optimal,35,97,97,True,True,True
chaining,"(295700445, 296000097)",0,Optimal,35,97,97,True,True,False
chaining,"(295700445, 296000097)",1,Optimal,35,97,97,True,True,True
chaining,"(295700445, 200090219)",0,Optimal,35,97,97,True,True,False
chaining,"(295700445, 200090219)",1,Optimal,35,97,97,True,True,True
chaining,"(295700445, 200000221)",0,Optimal,35,97,97,True,True,False
chaining,"(295700445, 200000221)",1,Optimal,35,97,97,True,True,True
chaining,"(295700445, 294400189)",0,Optimal,35,97,97,True,True,False
chaining,"(295700445, 294400189)",1,Optimal,35,97,97,True,True,True
chaining,"(295700445, 200090225)",0,Optimal,35,97,97,True,True,False
chaining,"(295700445, 200090225)",1,Optimal,35,97,97,True,True,True
chaining,"(295700445, 200000026)",0,Optimal,35,97,97,True,True,False
chaining,"(295700445, 200000026)",1,Optimal,36,96,96,False,False,True
chaining,"(295700445, 296200626)",0,Optimal,35,97,97,True,True,False
chaining,"(295700445, 296200626)",1,Optimal,35,97,97,True,True,True
chaining,"(295700444, 296000105)",0,Optimal,35,97,97,True,True,False
chaining,"(295700444, 296000105)",1,Optimal,35,97,97,True,True,True
chaining,"(295700444, 200090702)",0,Optimal,35,97,97,True,True,False
chaining,"(295700444, 200090702)",1,Optimal,35,97,97,True,True,True
chaining,"(295700444, 296000091)",0,Optimal,35,97,97,True,True,False
chaining,"(295700444, 296000091)",1,Optimal,35,97,97,True,True,True
chaining,"(295700444, 296000097)",0,Optimal,35,97,97,True,True,False
chaining,"(295700444, 296000097)",1,Optimal,35,97,97,True,True,True
chaining,"(295700444, 296000100)",0,Optimal,35,97,97,True,True,False
chaining,"(295700444, 296000100)",1,Optimal,35,97,97,True,True,True
chaining,"(295700444, 200000229)",0,Optimal,35,97,97,True,True,False
chaining,"(295700444, 200000229)",1,Optimal,35,97,97,True,True,True
chaining,"(295700444, 294400182)",0,Optimal,35,97,97,True,True,False
chaining,"(295700444, 294400182)",1,Optimal,35,97,97,True,True,True
chaining,"(295700444, 294300211)",0,Optimal,35,97,97,True,True,False
chaining,"(295700444, 294300211)",1,Optimal,35,97,97,True,True,True
chaining,"(295700444, 296200624)",0,Optimal,35,97,97,True,True,False
chaining,"(295700444, 296200624)",1,Optimal,35,97,97,True,True,True
chaining,"(295700444, 296200099)",0,Optimal,35,97,97,True,True,False
chaining,"(295700444, 296200099)",1,Optimal,35,97,97,True,True,True
chaining,"(295700444, 296200096)",0,Optimal,35,97,97,True,True,False
chaining,"(295700444, 296200096)",1,Optimal,35,97,97,True,True,True
chaining,"(295700444, 296200093)",0,Optimal,35,97,97,True,True,False
chaining,"(295700444, 296200093)",1,Optimal,35,97,97,True,True,True
chaining,"(295700445, 295800463)",0,Optimal,35,97,97,True,True,False
chaining,"(295700445, 295800463)",1,Optimal,35,97,97,True,True,True
chaining,"(295700445, 295800464)",0,Optimal,35,97,97,True,True,False
chaining,"(295700445, 295800464)",1,Optimal,35,97,97,True,True,True
chaining,"(295700445, 200000336)",0,Optimal,35,97,97,True,True,False
chaining,"(295700445, 200000336)",1,Optimal,35,97,97,True,True,True
chaining,"(295700445, 200090340)",0,Optimal,35,97,97,True,True,False
chaining,"(295700445, 200090340)",1,Optimal,35,97,97,True,True,True
chaining,"(295700444, 294400189)",0,Optimal,35,97,97,True,True,False
chaining,"(295700444, 294400189)",1,Optimal,35,97,97,True,True,True
chaining,"(295700444, 200090225)",0,Optimal,35,97,97,True,True,False
chaining,"(295700444, 200090225)",1,Optimal,35,97,97,True,True,True
chaining,"(295700444, 200000026)",0,Optimal,35,97,97,True,True,False
chaining,"(295700444, 200000026)",1,Optimal,36,96,96,False,False,True
chaining,"(295700444, 296200626)",0,Optimal,35,97,97,True,True,False
chaining,"(295700444, 296200626)",1,Optimal,35,97,97,True,True,True
chaining,"(295700445, 295200235)",0,Optimal,35,97,97,True,True,False
chaining,"(295700445, 295200235)",1,Optimal,36,96,96,False,False,True
chaining,"(295700445, 294200141)",0,Optimal,35,97,97,True,True,False
chaining,"(295700445, 294200141)",1,Optimal,35,97,97,True,True,True
chaining,"(295700445, 294200138)",0,Optimal,35,97,97,True,True,False
chaining,"(295700445, 294200138)",1,Optimal,35,97,97,True,True,True
chaining,"(295700445, 294200175)",0,Optimal,35,97,97,True,True,False
chaining,"(295700445, 294200175)",1,Optimal,35,97,97,True,True,True
chaining,"(295700444, 296200088)",0,Optimal,35,97,97,True,True,False
chaining,"(295700444, 296200088)",1,Optimal,35,97,97,True,True,True
chaining,"(295700444, 200090682)",0,Optimal,35,97,97,True,True,False
chaining,"(295700444, 200090682)",1,Optimal,35,97,97,True,True,True
chaining,"(295700444, 200090402)",0,Optimal,35,97,97,True,True,False
chaining,"(295700444, 200090402)",1,Optimal,35,97,97,True,True,True
chaining,"(295700444, 295800465)",0,Optimal,35,97,97,True,True,False
chaining,"(295700444, 295800465)",1,Optimal,35,97,97,True,True,True
chaining,"(295700444, 200090404)",0,Optimal,35,97,97,True,True,False
chaining,"(295700444, 200090404)",1,Optimal,35,97,97,True,True,True
chaining,"(295700444, 295800463)",0,Optimal,35,97,97,True,True,False
chaining,"(295700444, 295800463)",1,Optimal,35,97,97,True,True,True
chaining,"(295700444, 295800464)",0,Optimal,35,97,97,True,True,False
chaining,"(295700444, 295800464)",1,Optimal,35,97,97,True,True,True
chaining,"(295700444, 295200233)",0,Optimal,35,97,97,True,True,True
chaining,"(295700444, 295200233)",1,Optimal,35,97,97,True,True,False
chaining,"(295700444, 294100316)",0,Optimal,35,97,97,True,True,False
chaining,"(295700444, 294100316)",1,Optimal,35,97,97,True,True,True
chaining,"(295700444, 295200241)",0,Optimal,35,97,97,True,True,False
chaining,"(295700444, 295200241)",1,Optimal,35,97,97,True,True,True
chaining,"(295700444, 295201004)",0,Optimal,35,97,97,True,True,False
chaining,"(295700444, 295201004)",1,Optimal,35,97,97,True,True,True
chaining,"(295700444, 294100328)",0,Optimal,35,97,97,True,True,False
chaining,"(295700444, 294100328)",1,Optimal,35,97,97,True,True,True
chaining,"(295700444, 294300215)",0,Optimal,35,97,97,True,True,False
chaining,"(295700444, 294300215)",1,Optimal,35,97,97,True,True,True
chaining,"(295700444, 294300217)",0,Optimal,35,97,97,True,True,False
chaining,"(295700444, 294300217)",1,Optimal,35,97,97,True,True,True
chaining,"(295700444, 200090219)",0,Optimal,35,97,97,True,True,False
chaining,"(295700444, 200090219)",1,Optimal,35,97,97,True,True,True
chaining,"(295700444, 200000221)",0,Optimal,35,97,97,True,True,False
chaining,"(295700444, 200000221)",1,Optimal,35,97,97,True,True,True
chaining,"(295700444, 294100344)",0,Optimal,35,97,97,True,True,False
chaining,"(295700444, 294100344)",1,Optimal,35,97,97,True,True,True
chaining,"(295700444, 294100348)",0,Optimal,35,97,97,True,True,False
chaining,"(295700444, 294100348)",1,Optimal,35,97,97,True,True,True
chaining,"(295700444, 294100352)",0,Optimal,35,97,97,True,True,False
chaining,"(295700444, 294100352)",1,Optimal,36,96,96,False,False,True
chaining,"(295700444, 295200235)",0,Optimal,35,97,97,True,True,False
chaining,"(295700444, 295200235)",1,Optimal,36,96,96,False,False,True
chaining,"(295700444, 295200253)",0,Optimal,35,97,97,True,True,False
chaining,"(295700444, 295200253)",1,Optimal,35,97,97,True,True,True
chaining,"(295700444, 200000336)",0,Optimal,35,97,97,True,True,False
chaining,"(295700444, 200000336)",1,Optimal,35,97,97,True,True,True
chaining,"(295700444, 200090340)",0,Optimal,35,97,97,True,True,False
chaining,"(295700444, 200090340)",1,Optimal,35,97,97,True,True,True
chaining,"(295700444, 200000382)",0,Optimal,35,97,97,True,True,False
chaining,"(295700444, 200000382)",1,Optimal,35,97,97,True,True,True
chaining,"(200000300, 295100254)",0,Optimal,35,97,97,True,True,False
chaining,"(200000300, 295100254)",1,Optimal,36,96,96,False,False,True
chaining,"(200000300, 200090337)",0,Optimal,35,97,97,True,True,False
chaining,"(200000300, 200090337)",1,Optimal,36,96,96,False,False,True
chaining,"(200000300, 294100341)",0,Optimal,35,97,97,True,True,False
chaining,"(200000300, 294100341)",1,Optimal,36,96,96,False,False,True
chaining,"(200000300, 294100345)",0,Optimal,35,97,97,True,True,False
chaining,"(200000300, 294100345)",1,Optimal,36,96,96,False,False,True
chaining,"(295700445, 200000382)",0,Optimal,35,97,97,True,True,False
chaining,"(295700445, 200000382)",1,Optimal,35,97,97,True,True,True
chaining,"(295700445, 294100344)",0,Optimal,35,97,97,True,True,False
chaining,"(295700445, 294100344)",1,Optimal,35,97,97,True,True,True
chaining,"(295700445, 294100348)",0,Optimal,35,97,97,True,True,False
chaining,"(295700445, 294100348)",1,Optimal,35,97,97,True,True,True
chaining,"(295700445, 294100352)",0,Optimal,35,97,97,True,True,False
chaining,"(295700445, 294100352)",1,Optimal,36,96,96,False,False,True
chaining,"(295700444, 294200141)",0,Optimal,35,97,97,True,True,False
chaining,"(295700444, 294200141)",1,Optimal,35,97,97,True,True,True
chaining,"(295700444, 294200138)",0,Optimal,35,97,97,True,True,False
chaining,"(295700444, 294200138)",1,Optimal,35,97,97,True,True,True
chaining,"(295700444, 294200175)",0,Optimal,35,97,97,True,True,False
chaining,"(295700444, 294200175)",1,Optimal,35,97,97,True,True,True
chaining,"(295700444, 200090123)",0,Optimal,35,97,97,True,True,False
chaining,"(295700444, 200090123)",1,Optimal,35,97,97,True,True,True
chaining,"(295700444, 200000121)",0,Optimal,35,97,97,True,True,False
chaining,"(295700444, 200000121)",1,Optimal,35,97,97,True,True,True
chaining,"(295700444, 294200147)",0,Optimal,35,97,97,True,True,False
chaining,"(295700444, 294200147)",1,Optimal,35,97,97,True,True,True
chaining,"(200000300, 200000325)",0,Optimal,36,96,96,False,False,True
chaining,"(200000300, 200000325)",1,Optimal,35,97,97,True,True,False
chaining,"(200000300, 200090329)",0,Optimal,35,97,97,True,True,False
chaining,"(200000300, 200090329)",1,Optimal,36,96,96,False,False,True
chaining,"(200000301, 200000026)",0,Optimal,35,97,97,True,True,False
chaining,"(200000301, 200000026)",1,Optimal,36,96,96,False,False,True
chaining,"(200000301, 296200626)",0,Optimal,35,97,97,True,True,False
chaining,"(200000301, 296200626)",1,Optimal,35,97,97,True,True,True
chaining,"(200000301, 296200624)",0,Optimal,35,97,97,True,True,False
chaining,"(200000301, 296200624)",1,Optimal,35,97,97,True,True,True
chaining,"(200000301, 296200099)",0,Optimal,35,97,97,True,True,False
chaining,"(200000301, 296200099)",1,Optimal,35,97,97,True,True,True
chaining,"(200000300, 294100349)",0,Optimal,35,97,97,True,True,False
chaining,"(200000300, 294100349)",1,Optimal,36,96,96,False,False,True
chaining,"(200000300, 294100353)",0,Optimal,35,97,97,True,True,False
chaining,"(200000300, 294100353)",1,Optimal,36,96,96,False,False,True
chaining,"(200000300, 294100361)",0,Optimal,35,97,97,True,True,False
chaining,"(200000300, 294100361)",1,Optimal,36,96,96,False,False,True
chaining,"(200000301, 296000081)",0,Optimal,35,97,97,True,True,False
chaining,"(200000301, 296000081)",1,Optimal,35,97,97,True,True,True
chaining,"(200000301, 200000300)",0,Optimal,35,97,97,True,True,False
chaining,"(200000301, 200000300)",1,Optimal,35,97,97,True,True,True
chaining,"(200000301, 295200225)",0,Optimal,35,97,97,True,True,False
chaining,"(200000301, 295200225)",1,Optimal,35,97,97,True,True,True
chaining,"(200000301, 200090308)",0,Optimal,35,97,97,True,True,False
chaining,"(200000301, 200090308)",1,Optimal,35,97,97,True,True,True
chaining,"(200000301, 295200233)",0,Optimal,35,97,97,True,True,False
chaining,"(200000301, 295200233)",1,Optimal,35,97,97,True,True,True
chaining,"(200000301, 295200253)",0,Optimal,35,97,97,True,True,False
chaining,"(200000301, 295200253)",1,Optimal,35,97,97,True,True,True
chaining,"(200000301, 200000336)",0,Optimal,35,97,97,True,True,False
chaining,"(200000301, 200000336)",1,Optimal,35,97,97,True,True,True
chaining,"(200000301, 200090340)",0,Optimal,35,97,97,True,True,False
chaining,"(200000301, 200090340)",1,Optimal,35,97,97,True,True,True
chaining,"(200000301, 200000382)",0,Optimal,35,97,97,True,True,False
chaining,"(200000301, 200000382)",1,Optimal,35,97,97,True,True,True
chaining,"(200000301, 200090219)",0,Optimal,35,97,97,True,True,False
chaining,"(200000301, 200090219)",1,Optimal,35,97,97,True,True,True
chaining,"(200000301, 200000221)",0,Optimal,35,97,97,True,True,False
chaining,"(200000301, 200000221)",1,Optimal,35,97,97,True,True,True
chaining,"(200000301, 294400189)",0,Optimal,35,97,97,True,True,False
chaining,"(200000301, 294400189)",1,Optimal,35,97,97,True,True,True
chaining,"(200000301, 200090225)",0,Optimal,35,97,97,True,True,False
chaining,"(200000301, 200090225)",1,Optimal,35,97,97,True,True,True
chaining,"(200000301, 296200102)",0,Optimal,35,97,97,True,True,False
chaining,"(200000301, 296200102)",1,Optimal,35,97,97,True,True,True
chaining,"(200000301, 296200101)",0,Optimal,35,97,97,True,True,False
chaining,"(200000301, 296200101)",1,Optimal,35,97,97,True,True,True
chaining,"(200000301, 296200098)",0,Optimal,35,97,97,True,True,True
chaining,"(200000301, 296200098)",1,Optimal,35,97,97,True,True,False
chaining,"(200000301, 200090402)",0,Optimal,35,97,97,True,True,False
chaining,"(200000301, 200090402)",1,Optimal,35,97,97,True,True,True
chaining,"(200000301, 294100316)",0,Optimal,35,97,97,True,True,False
chaining,"(200000301, 294100316)",1,Optimal,35,97,97,True,True,True
chaining,"(200000301, 295200241)",0,Optimal,35,97,97,True,True,False
chaining,"(200000301, 295200241)",1,Optimal,35,97,97,True,True,True
chaining,"(200000301, 295201004)",0,Optimal,35,97,97,True,True,False
chaining,"(200000301, 295201004)",1,Optimal,35,97,97,True,True,True
chaining,"(200000301, 294100328)",0,Optimal,35,97,97,True,True,False
chaining,"(200000301, 294100328)",1,Optimal,35,97,97,True,True,True
chaining,"(200000301, 296000105)",0,Optimal,35,97,97,True,True,False
chaining,"(200000301, 296000105)",1,Optimal,35,97,97,True,True,True
chaining,"(200000301, 200090702)",0,Optimal,35,97,97,True,True,False
chaining,"(200000301, 200090702)",1,Optimal,35,97,97,True,True,True
chaining,"(200000301, 296000091)",0,Optimal,35,97,97,True,True,False
chaining,"(200000301, 296000091)",1,Optimal,35,97,97,True,True,True
chaining,"(200000301, 296000097)",0,Optimal,35,97,97,True,True,False
chaining,"(200000301, 296000097)",1,Optimal,35,97,97,True,True,True
chaining,"(200000301, 294400182)",0,Optimal,35,97,97,True,True,False
chaining,"(200000301, 294400182)",1,Optimal,35,97,97,True,True,True
chaining,"(200000301, 294300211)",0,Optimal,35,97,97,True,True,False
chaining,"(200000301, 294300211)",1,Optimal,35,97,97,True,True,True
chaining,"(200000301, 294300215)",0,Optimal,35,97,97,True,True,False
chaining,"(200000301, 294300215)",1,Optimal,35,97,97,True,True,True
chaining,"(200000301, 294300217)",0,Optimal,35,97,97,True,True,False
chaining,"(200000301, 294300217)",1,Optimal,35,97,97,True,True,True
chaining,"(200000301, 296200096)",0,Optimal,35,97,97,True,True,False
chaining,"(200000301, 296200096)",1,Optimal,35,97,97,True,True,True
chaining,"(200000301, 296200093)",0,Optimal,35,97,97,True,True,False
chaining,"(200000301, 296200093)",1,Optimal,35,97,97,True,True,True
chaining,"(200000301, 296200088)",0,Optimal,35,97,97,True,True,False
chaining,"(200000301, 296200088)",1,Optimal,35,97,97,True,True,True
chaining,"(200000301, 200090682)",0,Optimal,35,97,97,True,True,False
chaining,"(200000301, 200090682)",1,Optimal,35,97,97,True,True,True
chaining,"(200000301, 294200134)",0,Optimal,35,97,97,True,True,False
chaining,"(200000301, 294200134)",1,Optimal,35,97,97,True,True,True
chaining,"(200000301, 294200141)",0,Optimal,35,97,97,True,True,False
chaining,"(200000301, 294200141)",1,Optimal,35,97,97,True,True,True
chaining,"(200000301, 294200138)",0,Optimal,35,97,97,True,True,False
chaining,"(200000301, 294200138)",1,Optimal,35,97,97,True,True,True
chaining,"(200000301, 294200175)",0,Optimal,35,97,97,True,True,False
chaining,"(200000301, 294200175)",1,Optimal,35,97,97,True,True,True
chaining,"(200000301, 295800465)",0,Optimal,35,97,97,True,True,False
chaining,"(200000301, 295800465)",1,Optimal,35,97,97,True,True,True
chaining,"(200000301, 200090404)",0,Optimal,35,97,97,True,True,False
chaining,"(200000301, 200090404)",1,Optimal,35,97,97,True,True,True
chaining,"(200000301, 295800463)",0,Optimal,35,97,97,True,True,False
chaining,"(200000301, 295800463)",1,Optimal,35,97,97,True,True,True
chaining,"(200000301, 295800464)",0,Optimal,35,97,97,True,True,False
chaining,"(200000301, 295800464)",1,Optimal,35,97,97,True,True,True
chaining,"(200000301, 296000100)",0,Optimal,35,97,97,True,True,False
chaining,"(200000301, 296000100)",1,Optimal,35,97,97,True,True,True
chaining,"(200000301, 200090205)",0,Optimal,35,97,97,True,True,False
chaining,"(200000301, 200090205)",1,Optimal,35,97,97,True,True,True
chaining,"(200000301, 294400173)",0,Optimal,35,97,97,True,True,False
chaining,"(200000301, 294400173)",1,Optimal,35,97,97,True,True,True
chaining,"(200000301, 200000229)",0,Optimal,35,97,97,True,True,False
chaining,"(200000301, 200000229)",1,Optimal,35,97,97,True,True,True
chaining,"(295200225, 200090329)",0,Optimal,36,96,96,False,False,True
chaining,"(295200225, 200090329)",1,Optimal,35,97,97,True,True,False
chaining,"(295200225, 295100254)",0,Optimal,35,97,97,True,True,False
chaining,"(295200225, 295100254)",1,Optimal,36,96,96,False,False,True
chaining,"(295200225, 200090337)",0,Optimal,35,97,97,True,True,False
chaining,"(295200225, 200090337)",1,Optimal,36,96,96,False,False,True
chaining,"(295200225, 294100341)",0,Optimal,35,97,97,True,True,False
chaining,"(295200225, 294100341)",1,Optimal,36,96,96,False,False,True
chaining,"(200000301, 294100344)",0,Optimal,35,97,97,True,True,False
chaining,"(200000301, 294100344)",1,Optimal,35,97,97,True,True,True
chaining,"(200000301, 294100348)",0,Optimal,35,97,97,True,True,False
chaining,"(200000301, 294100348)",1,Optimal,35,97,97,True,True,True
chaining,"(200000301, 294100352)",0,Optimal,35,97,97,True,True,False
chaining,"(200000301, 294100352)",1,Optimal,36,96,96,False,False,True
chaining,"(200000301, 295200235)",0,Optimal,35,97,97,True,True,False
chaining,"(200000301, 295200235)",1,Optimal,36,96,96,False,False,True
chaining,"(200000301, 200090123)",0,Optimal,35,97,97,True,True,False
chaining,"(200000301, 200090123)",1,Optimal,35,97,97,True,True,True
chaining,"(200000301, 200000121)",0,Optimal,35,97,97,True,True,False
chaining,"(200000301, 200000121)",1,Optimal,35,97,97,True,True,True
chaining,"(200000301, 294200147)",0,Optimal,35,97,97,True,True,False
chaining,"(200000301, 294200147)",1,Optimal,35,97,97,True,True,True
chaining,"(200000301, 294200133)",0,Optimal,35,97,97,True,True,False
chaining,"(200000301, 294200133)",1,Optimal,35,97,97,True,True,True
chaining,"(295100226, 296000081)",0,Optimal,35,97,97,True,True,False
chaining,"(295100226, 296000081)",1,Optimal,35,97,97,True,True,True
chaining,"(295100226, 296000105)",0,Optimal,35,97,97,True,True,False
chaining,"(295100226, 296000105)",1,Optimal,35,97,97,True,True,True
chaining,"(295100226, 200090702)",0,Optimal,35,97,97,True,True,False
chaining,"(295100226, 200090702)",1,Optimal,35,97,97,True,True,True
chaining,"(295100226, 296000091)",0,Optimal,35,97,97,True,True,False
chaining,"(295100226, 296000091)",1,Optimal,35,97,97,True,True,True
chaining,"(295200225, 294100345)",0,Optimal,35,97,97,True,True,False
chaining,"(295200225, 294100345)",1,Optimal,36,96,96,False,False,True
chaining,"(295200225, 294100349)",0,Optimal,35,97,97,True,True,False
chaining,"(295200225, 294100349)",1,Optimal,36,96,96,False,False,True
chaining,"(295200225, 294100353)",0,Optimal,35,97,97,True,True,False
chaining,"(295200225, 294100353)",1,Optimal,36,96,96,False,False,True
chaining,"(295200225, 294100361)",0,Optimal,35,97,97,True,True,False
chaining,"(295200225, 294100361)",1,Optimal,36,96,96,False,False,True
chaining,"(295100226, 294400182)",0,Optimal,35,97,97,True,True,True
chaining,"(295100226, 294400182)",1,Optimal,35,97,97,True,True,False
chaining,"(295100226, 294300211)",0,Optimal,35,97,97,True,True,False
chaining,"(295100226, 294300211)",1,Optimal,35,97,97,True,True,True
chaining,"(295100226, 294300215)",0,Optimal,35,97,97,True,True,False
chaining,"(295100226, 294300215)",1,Optimal,35,97,97,True,True,True
chaining,"(295100226, 294300217)",0,Optimal,35,97,97,True,True,False
chaining,"(295100226, 294300217)",1,Optimal,35,97,97,True,True,True
chaining,"(295100226, 296200096)",0,Optimal,35,97,97,True,True,False
chaining,"(295100226, 296200096)",1,Optimal,35,97,97,True,True,True
chaining,"(295100226, 296200093)",0,Optimal,35,97,97,True,True,False
chaining,"(295100226, 296200093)",1,Optimal,35,97,97,True,True,True
chaining,"(295100226, 296200088)",0,Optimal,35,97,97,True,True,False
chaining,"(295100226, 296200088)",1,Optimal,35,97,97,True,True,True
chaining,"(295100226, 200090682)",0,Optimal,35,97,97,True,True,False
chaining,"(295100226, 200090682)",1,Optimal,35,97,97,True,True,True
chaining,"(295100226, 296000097)",0,Optimal,35,97,97,True,True,False
chaining,"(295100226, 296000097)",1,Optimal,35,97,97,True,True,True
chaining,"(295100226, 296000100)",0,Optimal,35,97,97,True,True,False
chaining,"(295100226, 296000100)",1,Optimal,35,97,97,True,True,True
chaining,"(295100226, 294400173)",0,Optimal,35,97,97,True,True,False
chaining,"(295100226, 294400173)",1,Optimal,35,97,97,True,True,True
chaining,"(295100226, 200000229)",0,Optimal,35,97,97,True,True,False
chaining,"(295100226, 200000229)",1,Optimal,35,97,97,True,True,True
chaining,"(295100226, 296200102)",0,Optimal,35,97,97,True,True,False
chaining,"(295100226, 296200102)",1,Optimal,35,97,97,True,True,True
chaining,"(295100226, 296200101)",0,Optimal,35,97,97,True,True,False
chaining,"(295100226, 296200101)",1,Optimal,35,97,97,True,True,True
chaining,"(295100226, 200090402)",0,Optimal,35,97,97,True,True,False
chaining,"(295100226, 200090402)",1,Optimal,35,97,97,True,True,True
chaining,"(295100226, 295800465)",0,Optimal,35,97,97,True,True,False
chaining,"(295100226, 295800465)",1,Optimal,35,97,97,True,True,True
chaining,"(200090308, 294100345)",0,Optimal,35,97,97,True,True,False
chaining,"(200090308, 294100345)",1,Optimal,36,96,96,False,False,True
chaining,"(200090308, 294100349)",0,Optimal,35,97,97,True,True,False
chaining,"(200090308, 294100349)",1,Optimal,36,96,96,False,False,True
chaining,"(200090308, 294100353)",0,Optimal,35,97,97,True,True,False
chaining,"(200090308, 294100353)",1,Optimal,36,96,96,False,False,True
chaining,"(200090308, 294100361)",0,Optimal,35,97,97,True,True,False
chaining,"(200090308, 294100361)",1,Optimal,36,96,96,False,False,True
chaining,"(295100226, 200000026)",0,Optimal,35,97,97,True,True,False
chaining,"(295100226, 200000026)",1,Optimal,36,96,96,False,False,True
chaining,"(295100226, 296200626)",0,Optimal,35,97,97,True,True,False
chaining,"(295100226, 296200626)",1,Optimal,35,97,97,True,True,True
chaining,"(295100226, 296200624)",0,Optimal,35,97,97,True,True,False
chaining,"(295100226, 296200624)",1,Optimal,35,97,97,True,True,True
chaining,"(295100226, 296200099)",0,Optimal,35,97,97,True,True,False
chaining,"(295100226, 296200099)",1,Optimal,35,97,97,True,True,True
chaining,"(200000381, 296000100)",0,Optimal,35,97,97,True,True,True
chaining,"(200000381, 296000100)",1,Optimal,35,97,97,True,True,False
chaining,"(200000381, 200000229)",0,Optimal,35,97,97,True,True,False
chaining,"(200000381, 200000229)",1,Optimal,35,97,97,True,True,True
chaining,"(200000381, 294400182)",0,Optimal,35,97,97,True,True,False
chaining,"(200000381, 294400182)",1,Optimal,35,97,97,True,True,True
chaining,"(200000381, 294300211)",0,Optimal,35,97,97,True,True,False
chaining,"(200000381, 294300211)",1,Optimal,35,97,97,True,True,True
chaining,"(295100226, 200090308)",0,Optimal,35,97,97,True,True,False
chaining,"(295100226, 200090308)",1,Optimal,35,97,97,True,True,True
chaining,"(295100226, 295200233)",0,Optimal,35,97,97,True,True,False
chaining,"(295100226, 295200233)",1,Optimal,35,97,97,True,True,True
chaining,"(295100226, 294100316)",0,Optimal,35,97,97,True,True,False
chaining,"(295100226, 294100316)",1,Optimal,35,97,97,True,True,True
chaining,"(295100226, 295200241)",0,Optimal,35,97,97,True,True,False
chaining,"(295100226, 295200241)",1,Optimal,35,97,97,True,True,True
chaining,"(295100226, 294100352)",0,Optimal,35,97,97,True,True,False
chaining,"(295100226, 294100352)",1,Optimal,36,96,96,False,False,True
chaining,"(295100226, 295200235)",0,Optimal,35,97,97,True,True,False
chaining,"(295100226, 295200235)",1,Optimal,36,96,96,False,False,True
chaining,"(295100226, 294200141)",0,Optimal,35,97,97,True,True,False
chaining,"(295100226, 294200141)",1,Optimal,35,97,97,True,True,True
chaining,"(295100226, 294200138)",0,Optimal,35,97,97,True,True,False
chaining,"(295100226, 294200138)",1,Optimal,35,97,97,True,True,True
chaining,"(200000381, 294400189)",0,Optimal,35,97,97,True,True,False
chaining,"(200000381, 294400189)",1,Optimal,35,97,97,True,True,True
chaining,"(200000381, 200090225)",0,Optimal,35,97,97,True,True,False
chaining,"(200000381, 200090225)",1,Optimal,35,97,97,True,True,True
chaining,"(200000381, 200000026)",0,Optimal,35,97,97,True,True,False
chaining,"(200000381, 200000026)",1,Optimal,36,96,96,False,False,True
chaining,"(200000381, 296200626)",0,Optimal,35,97,97,True,True,False
chaining,"(200000381, 296200626)",1,Optimal,35,97,97,True,True,True
chaining,"(295100226, 295201004)",0,Optimal,35,97,97,True,True,False
chaining,"(295100226, 295201004)",1,Optimal,35,97,97,True,True,True
chaining,"(295100226, 294100328)",0,Optimal,35,97,97,True,True,False
chaining,"(295100226, 294100328)",1,Optimal,35,97,97,True,True,True
chaining,"(295100226, 295200253)",0,Optimal,35,97,97,True,True,False
chaining,"(295100226, 295200253)",1,Optimal,35,97,97,True,True,True
chaining,"(295100226, 200000336)",0,Optimal,35,97,97,True,True,False
chaining,"(295100226, 200000336)",1,Optimal,35,97,97,True,True,True
chaining,"(295100226, 200090219)",0,Optimal,35,97,97,True,True,False
chaining,"(295100226, 200090219)",1,Optimal,35,97,97,True,True,True
chaining,"(295100226, 200000221)",0,Optimal,35,97,97,True,True,False
chaining,"(295100226, 200000221)",1,Optimal,35,97,97,True,True,True
chaining,"(295100226, 294400189)",0,Optimal,35,97,97,True,True,False
chaining,"(295100226, 294400189)",1,Optimal,35,97,97,True,True,True
chaining,"(295100226, 200090225)",0,Optimal,35,97,97,True,True,False
chaining,"(295100226, 200090225)",1,Optimal,35,97,97,True,True,True
chaining,"(200000381, 296000105)",0,Optimal,35,97,97,True,True,False
chaining,"(200000381, 296000105)",1,Optimal,35,97,97,True,True,True
chaining,"(200000381, 200090702)",0,Optimal,35,97,97,True,True,False
chaining,"(200000381, 200090702)",1,Optimal,35,97,97,True,True,True
chaining,"(200000381, 296000091)",0,Optimal,35,97,97,True,True,False
chaining,"(200000381, 296000091)",1,Optimal,35,97,97,True,True,True
chaining,"(200000381, 296000097)",0,Optimal,35,97,97,True,True,False
chaining,"(200000381, 296000097)",1,Optimal,35,97,97,True,True,True
chaining,"(295100226, 200090404)",0,Optimal,35,97,97,True,True,False
chaining,"(295100226, 200090404)",1,Optimal,35,97,97,True,True,True
chaining,"(295100226, 295800463)",0,Optimal,35,97,97,True,True,False
chaining,"(295100226, 295800463)",1,Optimal,35,97,97,True,True,True
chaining,"(295100226, 295800464)",0,Optimal,35,97,97,True,True,False
chaining,"(295100226, 295800464)",1,Optimal,35,97,97,True,True,True
chaining,"(295100226, 295200225)",0,Optimal,35,97,97,True,True,False
chaining,"(295100226, 295200225)",1,Optimal,35,97,97,True,True,True
chaining,"(295100226, 294200175)",0,Optimal,35,97,97,True,True,False
chaining,"(295100226, 294200175)",1,Optimal,35,97,97,True,True,True
chaining,"(295100226, 200090123)",0,Optimal,35,97,97,True,True,False
chaining,"(295100226, 200090123)",1,Optimal,35,97,97,True,True,True
chaining,"(295100226, 200000121)",0,Optimal,35,97,97,True,True,False
chaining,"(295100226, 200000121)",1,Optimal,35,97,97,True,True,True
chaining,"(295100226, 294200147)",0,Optimal,35,97,97,True,True,False
chaining,"(295100226, 294200147)",1,Optimal,35,97,97,True,True,True
chaining,"(200000381, 294300215)",0,Optimal,35,97,97,True,True,False
chaining,"(200000381, 294300215)",1,Optimal,35,97,97,True,True,True
chaining,"(200000381, 294300217)",0,Optimal,35,97,97,True,True,False
chaining,"(200000381, 294300217)",1,Optimal,35,97,97,True,True,True
chaining,"(200000381, 200090219)",0,Optimal,35,97,97,True,True,False
chaining,"(200000381, 200090219)",1,Optimal,35,97,97,True,True,True
chaining,"(200000381, 200000221)",0,Optimal,35,97,97,True,True,False
chaining,"(200000381, 200000221)",1,Optimal,35,97,97,True,True,True
chaining,"(295100226, 294200133)",0,Optimal,35,97,97,True,True,False
chaining,"(295100226, 294200133)",1,Optimal,35,97,97,True,True,True
chaining,"(200090308, 295100254)",0,Optimal,36,96,96,False,False,True
chaining,"(200090308, 295100254)",1,Optimal,35,97,97,True,True,False
chaining,"(200090308, 200090337)",0,Optimal,35,97,97,True,True,False
chaining,"(200090308, 200090337)",1,Optimal,36,96,96,False,False,True
chaining,"(200090308, 294100341)",0,Optimal,35,97,97,True,True,False
chaining,"(200090308, 294100341)",1,Optimal,36,96,96,False,False,True
chaining,"(295100226, 200090340)",0,Optimal,35,97,97,True,True,False
chaining,"(295100226, 200090340)",1,Optimal,35,97,97,True,True,True
chaining,"(295100226, 200000382)",0,Optimal,35,97,97,True,True,False
chaining,"(295100226, 200000382)",1,Optimal,35,97,97,True,True,True
chaining,"(295100226, 294100344)",0,Optimal,35,97,97,True,True,False
chaining,"(295100226, 294100344)",1,Optimal,35,97,97,True,True,True
chaining,"(295100226, 294100348)",0,Optimal,35,97,97,True,True,False
chaining,"(295100226, 294100348)",1,Optimal,35,97,97,True,True,True
chaining,"(200000381, 296200624)",0,Optimal,35,97,97,True,True,False
chaining,"(200000381, 296200624)",1,Optimal,35,97,97,True,True,True
chaining,"(200000381, 296200099)",0,Optimal,35,97,97,True,True,False
chaining,"(200000381, 296200099)",1,Optimal,35,97,97,True,True,True
chaining,"(200000381, 296200096)",0,Optimal,35,97,97,True,True,False
chaining,"(200000381, 296200096)",1,Optimal,35,97,97,True,True,True
chaining,"(200000381, 296200093)",0,Optimal,35,97,97,True,True,False
chaining,"(200000381, 296200093)",1,Optimal,35,97,97,True,True,True
chaining,"(200000381, 296200088)",0,Optimal,35,97,97,True,True,False
chaining,"(200000381, 296200088)",1,Optimal,35,97,97,True,True,True
chaining,"(200000381, 200090682)",0,Optimal,35,97,97,True,True,False
chaining,"(200000381, 200090682)",1,Optimal,35,97,97,True,True,True
chaining,"(200000381, 296200102)",0,Optimal,35,97,97,True,True,False
chaining,"(200000381, 296200102)",1,Optimal,35,97,97,True,True,True
chaining,"(200000381, 200090402)",0,Optimal,35,97,97,True,True,False
chaining,"(200000381, 200090402)",1,Optimal,35,97,97,True,True,True
chaining,"(200000381, 295201004)",0,Optimal,35,97,97,True,True,False
chaining,"(200000381, 295201004)",1,Optimal,35,97,97,True,True,True
chaining,"(200000381, 294100328)",0,Optimal,35,97,97,True,True,False
chaining,"(200000381, 294100328)",1,Optimal,35,97,97,True,True,True
chaining,"(200000381, 295200253)",0,Optimal,35,97,97,True,True,False
chaining,"(200000381, 295200253)",1,Optimal,35,97,97,True,True,True
chaining,"(200000381, 200000336)",0,Optimal,35,97,97,True,True,False
chaining,"(200000381, 200000336)",1,Optimal,35,97,97,True,True,True
chaining,"(200000381, 295800465)",0,Optimal,35,97,97,True,True,False
chaining,"(200000381, 295800465)",1,Optimal,35,97,97,True,True,True
chaining,"(200000381, 200090404)",0,Optimal,35,97,97,True,True,False
chaining,"(200000381, 200090404)",1,Optimal,35,97,97,True,True,True
chaining,"(200000381, 295800463)",0,Optimal,35,97,97,True,True,False
chaining,"(200000381, 295800463)",1,Optimal,35,97,97,True,True,True
chaining,"(200000381, 295800464)",0,Optimal,35,97,97,True,True,False
chaining,"(200000381, 295800464)",1,Optimal,35,97,97,True,True,True
chaining,"(295100223, 200000221)",0,Optimal,35,97,97,True,True,False
chaining,"(295100223, 200000221)",1,Optimal,35,97,97,True,True,True
chaining,"(295100223, 294400189)",0,Optimal,35,97,97,True,True,False
chaining,"(295100223, 294400189)",1,Optimal,35,97,97,True,True,True
chaining,"(295100223, 200090225)",0,Optimal,35,97,97,True,True,False
chaining,"(295100223, 200090225)",1,Optimal,35,97,97,True,True,True
chaining,"(295100223, 200000026)",0,Optimal,35,97,97,True,True,False
chaining,"(295100223, 200000026)",1,Optimal,36,96,96,False,False,True
chaining,"(200000381, 200090308)",0,Optimal,35,97,97,True,True,False
chaining,"(200000381, 200090308)",1,Optimal,35,97,97,True,True,True
chaining,"(200000381, 295200233)",0,Optimal,35,97,97,True,True,False
chaining,"(200000381, 295200233)",1,Optimal,35,97,97,True,True,True
chaining,"(200000381, 294100316)",0,Optimal,35,97,97,True,True,False
chaining,"(200000381, 294100316)",1,Optimal,35,97,97,True,True,True
chaining,"(200000381, 295200241)",0,Optimal,35,97,97,True,True,False
chaining,"(200000381, 295200241)",1,Optimal,35,97,97,True,True,True
chaining,"(200000381, 200090340)",0,Optimal,35,97,97,True,True,False
chaining,"(200000381, 200090340)",1,Optimal,35,97,97,True,True,True
chaining,"(200000381, 200000382)",0,Optimal,35,97,97,True,True,False
chaining,"(200000381, 200000382)",1,Optimal,35,97,97,True,True,True
chaining,"(200000381, 294100344)",0,Optimal,35,97,97,True,True,False
chaining,"(200000381, 294100344)",1,Optimal,35,97,97,True,True,True
chaining,"(200000381, 294100348)",0,Optimal,35,97,97,True,True,False
chaining,"(200000381, 294100348)",1,Optimal,35,97,97,True,True,True
chaining,"(200000381, 294200175)",0,Optimal,35,97,97,True,True,False
chaining,"(200000381, 294200175)",1,Optimal,35,97,97,True,True,True
chaining,"(200000381, 200090123)",0,Optimal,35,97,97,True,True,False
chaining,"(200000381, 200090123)",1,Optimal,35,97,97,True,True,True
chaining,"(200000381, 200000121)",0,Optimal,35,97,97,True,True,False
chaining,"(200000381, 200000121)",1,Optimal,35,97,97,True,True,True
chaining,"(200000381, 294200147)",0,Optimal,35,97,97,True,True,False
chaining,"(200000381, 294200147)",1,Optimal,35,97,97,True,True,True
chaining,"(295100223, 294100348)",0,Optimal,35,97,97,True,True,False
chaining,"(295100223, 294100348)",1,Optimal,35,97,97,True,True,True
chaining,"(295100223, 294100352)",0,Optimal,35,97,97,True,True,False
chaining,"(295100223, 294100352)",1,Optimal,36,96,96,False,False,True
chaining,"(295100223, 295200235)",0,Optimal,35,97,97,True,True,False
chaining,"(295100223, 295200235)",1,Optimal,36,96,96,False,False,True
chaining,"(295100223, 294200141)",0,Optimal,35,97,97,True,True,False
chaining,"(295100223, 294200141)",1,Optimal,35,97,97,True,True,True
chaining,"(295100223, 294300211)",0,Optimal,35,97,97,True,True,False
chaining,"(295100223, 294300211)",1,Optimal,35,97,97,True,True,True
chaining,"(295100223, 294300215)",0,Optimal,35,97,97,True,True,False
chaining,"(295100223, 294300215)",1,Optimal,35,97,97,True,True,True
chaining,"(295100223, 294300217)",0,Optimal,35,97,97,True,True,False
chaining,"(295100223, 294300217)",1,Optimal,35,97,97,True,True,True
chaining,"(295100223, 200090219)",0,Optimal,35,97,97,True,True,False
chaining,"(295100223, 200090219)",1,Optimal,35,97,97,True,True,True
chaining,"(295100223, 296200093)",0,Optimal,35,97,97,True,True,False
chaining,"(295100223, 296200093)",1,Optimal,35,97,97,True,True,True
chaining,"(295100223, 296200088)",0,Optimal,35,97,97,True,True,False
chaining,"(295100223, 296200088)",1,Optimal,35,97,97,True,True,True
chaining,"(295100223, 200090682)",0,Optimal,35,97,97,True,True,False
chaining,"(295100223, 200090682)",1,Optimal,35,97,97,True,True,True
chaining,"(295100223, 296200102)",0,Optimal,35,97,97,True,True,False
chaining,"(295100223, 296200102)",1,Optimal,35,97,97,True,True,True
chaining,"(200000381, 294200133)",0,Optimal,35,97,97,True,True,False
chaining,"(200000381, 294200133)",1,Optimal,35,97,97,True,True,True
chaining,"(295100223, 296000105)",0,Optimal,35,97,97,True,True,False
chaining,"(295100223, 296000105)",1,Optimal,35,97,97,True,True,True
chaining,"(295100223, 200090702)",0,Optimal,35,97,97,True,True,False
chaining,"(295100223, 200090702)",1,Optimal,35,97,97,True,True,True
chaining,"(295100223, 296000091)",0,Optimal,35,97,97,True,True,False
chaining,"(295100223, 296000091)",1,Optimal,35,97,97,True,True,True
chaining,"(295100223, 295200241)",0,Optimal,35,97,97,True,True,False
chaining,"(295100223, 295200241)",1,Optimal,35,97,97,True,True,True
chaining,"(295100223, 295201004)",0,Optimal,35,97,97,True,True,False
chaining,"(295100223, 295201004)",1,Optimal,35,97,97,True,True,True
chaining,"(295100223, 294100328)",0,Optimal,35,97,97,True,True,False
chaining,"(295100223, 294100328)",1,Optimal,35,97,97,True,True,True
chaining,"(295100223, 295200253)",0,Optimal,35,97,97,True,True,True
chaining,"(295100223, 295200253)",1,Optimal,35,97,97,True,True,False
chaining,"(295100223, 295800464)",0,Optimal,35,97,97,True,True,False
chaining,"(295100223, 295800464)",1,Optimal,35,97,97,True,True,True
chaining,"(295100223, 200090308)",0,Optimal,35,97,97,True,True,False
chaining,"(295100223, 200090308)",1,Optimal,35,97,97,True,True,True
chaining,"(295100223, 295200233)",0,Optimal,35,97,97,True,True,False
chaining,"(295100223, 295200233)",1,Optimal,35,97,97,True,True,True
chaining,"(295100223, 294100316)",0,Optimal,35,97,97,True,True,False
chaining,"(295100223, 294100316)",1,Optimal,35,97,97,True,True,True
chaining,"(200000381, 294100352)",0,Optimal,35,97,97,True,True,False
chaining,"(200000381, 294100352)",1,Optimal,36,96,96,False,False,True
chaining,"(200000381, 295200235)",0,Optimal,35,97,97,True,True,False
chaining,"(200000381, 295200235)",1,Optimal,36,96,96,False,False,True
chaining,"(200000381, 294200141)",0,Optimal,35,97,97,True,True,False
chaining,"(200000381, 294200141)",1,Optimal,35,97,97,True,True,True
chaining,"(200000381, 294200138)",0,Optimal,35,97,97,True,True,False
chaining,"(200000381, 294200138)",1,Optimal,35,97,97,True,True,True
chaining,"(295100223, 296200626)",0,Optimal,35,97,97,True,True,False
chaining,"(295100223, 296200626)",1,Optimal,35,97,97,True,True,True
chaining,"(295100223, 296200624)",0,Optimal,35,97,97,True,True,False
chaining,"(295100223, 296200624)",1,Optimal,35,97,97,True,True,True
chaining,"(295100223, 296200099)",0,Optimal,35,97,97,True,True,False
chaining,"(295100223, 296200099)",1,Optimal,35,97,97,True,True,True
chaining,"(295100223, 296200096)",0,Optimal,35,97,97,True,True,False
chaining,"(295100223, 296200096)",1,Optimal,35,97,97,True,True,True
chaining,"(295100223, 296000097)",0,Optimal,35,97,97,True,True,False
chaining,"(295100223, 296000097)",1,Optimal,35,97,97,True,True,True
chaining,"(295100223, 296000100)",0,Optimal,35,97,97,True,True,False
chaining,"(295100223, 296000100)",1,Optimal,35,97,97,True,True,True
chaining,"(295100223, 200000229)",0,Optimal,35,97,97,True,True,False
chaining,"(295100223, 200000229)",1,Optimal,35,97,97,True,True,True
chaining,"(295100223, 294400182)",0,Optimal,35,97,97,True,True,False
chaining,"(295100223, 294400182)",1,Optimal,35,97,97,True,True,True
chaining,"(295100223, 294200147)",0,Optimal,35,97,97,True,True,False
chaining,"(295100223, 294200147)",1,Optimal,35,97,97,True,True,True
chaining,"(295100223, 294200133)",0,Optimal,35,97,97,True,True,False
chaining,"(295100223, 294200133)",1,Optimal,35,97,97,True,True,True
chaining,"(295200233, 200090337)",0,Optimal,36,96,96,False,False,True
chaining,"(295200233, 200090337)",1,Optimal,35,97,97,True,True,False
chaining,"(295200233, 294100341)",0,Optimal,35,97,97,True,True,False
chaining,"(295200233, 294100341)",1,Optimal,36,96,96,False,False,True
chaining,"(295100223, 200000336)",0,Optimal,35,97,97,True,True,False
chaining,"(295100223, 200000336)",1,Optimal,35,97,97,True,True,True
chaining,"(295100223, 200090340)",0,Optimal,35,97,97,True,True,False
chaining,"(295100223, 200090340)",1,Optimal,35,97,97,True,True,True
chaining,"(295100223, 200000382)",0,Optimal,35,97,97,True,True,False
chaining,"(295100223, 200000382)",1,Optimal,35,97,97,True,True,True
chaining,"(295100223, 294100344)",0,Optimal,35,97,97,True,True,False
chaining,"(295100223, 294100344)",1,Optimal,35,97,97,True,True,True
chaining,"(295200233, 294100345)",0,Optimal,35,97,97,True,True,False
chaining,"(295200233, 294100345)",1,Optimal,36,96,96,False,False,True
chaining,"(295200233, 294100349)",0,Optimal,35,97,97,True,True,False
chaining,"(295200233, 294100349)",1,Optimal,36,96,96,False,False,True
chaining,"(295200233, 294100353)",0,Optimal,35,97,97,True,True,False
chaining,"(295200233, 294100353)",1,Optimal,36,96,96,False,False,True
chaining,"(295200233, 294100361)",0,Optimal,35,97,97,True,True,False
chaining,"(295200233, 294100361)",1,Optimal,36,96,96,False,False,True
chaining,"(295100223, 294200138)",0,Optimal,35,97,97,True,True,False
chaining,"(295100223, 294200138)",1,Optimal,35,97,97,True,True,True
chaining,"(295100223, 294200175)",0,Optimal,35,97,97,True,True,False
chaining,"(295100223, 294200175)",1,Optimal,35,97,97,True,True,True
chaining,"(295100223, 200090123)",0,Optimal,35,97,97,True,True,False
chaining,"(295100223, 200090123)",1,Optimal,35,97,97,True,True,True
chaining,"(295100223, 200000121)",0,Optimal,35,97,97,True,True,False
chaining,"(295100223, 200000121)",1,Optimal,35,97,97,True,True,True
chaining,"(295100223, 200090402)",0,Optimal,35,97,97,True,True,False
chaining,"(295100223, 200090402)",1,Optimal,35,97,97,True,True,True
chaining,"(295100223, 295800465)",0,Optimal,35,97,97,True,True,False
chaining,"(295100223, 295800465)",1,Optimal,35,97,97,True,True,True
chaining,"(295100223, 200090404)",0,Optimal,35,97,97,True,True,False
chaining,"(295100223, 200090404)",1,Optimal,35,97,97,True,True,True
chaining,"(295100223, 295800463)",0,Optimal,35,97,97,True,True,False
chaining,"(295100223, 295800463)",1,Optimal,35,97,97,True,True,True
chaining,"(295100234, 296200088)",0,Optimal,35,97,97,True,True,False
chaining,"(295100234, 296200088)",1,Optimal,35,97,97,True,True,True
chaining,"(295100234, 200090682)",0,Optimal,35,97,97,True,True,False
chaining,"(295100234, 200090682)",1,Optimal,35,97,97,True,True,True
chaining,"(295100234, 200090402)",0,Optimal,35,97,97,True,True,False
chaining,"(295100234, 200090402)",1,Optimal,35,97,97,True,True,True
chaining,"(295100234, 295800465)",0,Optimal,35,97,97,True,True,False
chaining,"(295100234, 295800465)",1,Optimal,35,97,97,True,True,True
chaining,"(295100234, 296000105)",0,Optimal,35,97,97,True,True,False
chaining,"(295100234, 296000105)",1,Optimal,35,97,97,True,True,True
chaining,"(295100234, 200090702)",0,Optimal,35,97,97,True,True,False
chaining,"(295100234, 200090702)",1,Optimal,35,97,97,True,True,True
chaining,"(295100234, 296000091)",0,Optimal,35,97,97,True,True,False
chaining,"(295100234, 296000091)",1,Optimal,35,97,97,True,True,True
chaining,"(295100234, 296000097)",0,Optimal,35,97,97,True,True,False
chaining,"(295100234, 296000097)",1,Optimal,35,97,97,True,True,True
chaining,"(295100234, 295200253)",0,Optimal,35,97,97,True,True,False
chaining,"(295100234, 295200253)",1,Optimal,35,97,97,True,True,True
chaining,"(295100234, 200000336)",0,Optimal,35,97,97,True,True,False
chaining,"(295100234, 200000336)",1,Optimal,35,97,97,True,True,True
chaining,"(295100234, 200090340)",0,Optimal,35,97,97,True,True,True
chaining,"(295100234, 200090340)",1,Optimal,35,97,97,True,True,False
chaining,"(295100234, 200000382)",0,Optimal,35,97,97,True,True,False
chaining,"(295100234, 200000382)",1,Optimal,35,97,97,True,True,True
chaining,"(295100234, 296000100)",0,Optimal,35,97,97,True,True,False
chaining,"(295100234, 296000100)",1,Optimal,35,97,97,True,True,True
chaining,"(295100234, 200000229)",0,Optimal,35,97,97,True,True,False
chaining,"(295100234, 200000229)",1,Optimal,35,97,97,True,True,True
chaining,"(295100234, 294400182)",0,Optimal,35,97,97,True,True,False
chaining,"(295100234, 294400182)",1,Optimal,35,97,97,True,True,True
chaining,"(295100234, 294300211)",0,Optimal,35,97,97,True,True,False
chaining,"(295100234, 294300211)",1,Optimal,35,97,97,True,True,True
chaining,"(295100234, 200090404)",0,Optimal,35,97,97,True,True,False
chaining,"(295100234, 200090404)",1,Optimal,35,97,97,True,True,True
chaining,"(295100234, 295800463)",0,Optimal,35,97,97,True,True,False
chaining,"(295100234, 295800463)",1,Optimal,35,97,97,True,True,True
chaining,"(295100234, 295800464)",0,Optimal,35,97,97,True,True,False
chaining,"(295100234, 295800464)",1,Optimal,35,97,97,True,True,True
chaining,"(295100234, 295200233)",0,Optimal,35,97,97,True,True,False
chaining,"(295100234, 295200233)",1,Optimal,35,97,97,True,True,True
chaining,"(295100234, 294100316)",0,Optimal,35,97,97,True,True,False
chaining,"(295100234, 294100316)",1,Optimal,35,97,97,True,True,True
chaining,"(295100234, 295200241)",0,Optimal,35,97,97,True,True,False
chaining,"(295100234, 295200241)",1,Optimal,35,97,97,True,True,True
chaining,"(295100234, 295201004)",0,Optimal,35,97,97,True,True,False
chaining,"(295100234, 295201004)",1,Optimal,35,97,97,True,True,True
chaining,"(295100234, 294100328)",0,Optimal,35,97,97,True,True,False
chaining,"(295100234, 294100328)",1,Optimal,35,97,97,True,True,True
chaining,"(295100234, 294300215)",0,Optimal,35,97,97,True,True,False
chaining,"(295100234, 294300215)",1,Optimal,35,97,97,True,True,True
chaining,"(295100234, 294300217)",0,Optimal,35,97,97,True,True,False
chaining,"(295100234, 294300217)",1,Optimal,35,97,97,True,True,True
chaining,"(295100234, 200090219)",0,Optimal,35,97,97,True,True,False
chaining,"(295100234, 200090219)",1,Optimal,35,97,97,True,True,True
chaining,"(295100234, 200000221)",0,Optimal,35,97,97,True,True,False
chaining,"(295100234, 200000221)",1,Optimal,35,97,97,True,True,True
chaining,"(295100234, 294100344)",0,Optimal,35,97,97,True,True,False
chaining,"(295100234, 294100344)",1,Optimal,35,97,97,True,True,True
chaining,"(295100234, 294100348)",0,Optimal,35,97,97,True,True,False
chaining,"(295100234, 294100348)",1,Optimal,35,97,97,True,True,True
chaining,"(295100234, 294100352)",0,Optimal,35,97,97,True,True,False
chaining,"(295100234, 294100352)",1,Optimal,36,96,96,False,False,True
chaining,"(295100234, 295200235)",0,Optimal,35,97,97,True,True,False
chaining,"(295100234, 295200235)",1,Optimal,36,96,96,False,False,True
chaining,"(295100234, 294200141)",0,Optimal,35,97,97,True,True,False
chaining,"(295100234, 294200141)",1,Optimal,35,97,97,True,True,True
chaining,"(295100234, 294200138)",0,Optimal,35,97,97,True,True,False
chaining,"(295100234, 294200138)",1,Optimal,35,97,97,True,True,True
chaining,"(295100234, 294200175)",0,Optimal,35,97,97,True,True,False
chaining,"(295100234, 294200175)",1,Optimal,35,97,97,True,True,True
chaining,"(295100234, 200090123)",0,Optimal,35,97,97,True,True,False
chaining,"(295100234, 200090123)",1,Optimal,35,97,97,True,True,True
chaining,"(295100234, 296200624)",0,Optimal,35,97,97,True,True,False
chaining,"(295100234, 296200624)",1,Optimal,35,97,97,True,True,True
chaining,"(295100234, 296200099)",0,Optimal,35,97,97,True,True,False
chaining,"(295100234, 296200099)",1,Optimal,35,97,97,True,True,True
chaining,"(295100234, 296200096)",0,Optimal,35,97,97,True,True,False
chaining,"(295100234, 296200096)",1,Optimal,35,97,97,True,True,True
chaining,"(295100234, 296200093)",0,Optimal,35,97,97,True,True,False
chaining,"(295100234, 296200093)",1,Optimal,35,97,97,True,True,True
chaining,"(295100234, 200000121)",0,Optimal,35,97,97,True,True,False
chaining,"(295100234, 200000121)",1,Optimal,35,97,97,True,True,True
chaining,"(295100234, 294200147)",0,Optimal,35,97,97,True,True,False
chaining,"(295100234, 294200147)",1,Optimal,35,97,97,True,True,True
chaining,"(294100316, 294100341)",0,Optimal,36,96,96,False,False,True
chaining,"(294100316, 294100341)",1,Optimal,35,97,97,True,True,False
chaining,"(294100316, 294100345)",0,Optimal,35,97,97,True,True,False
chaining,"(294100316, 294100345)",1,Optimal,36,96,96,False,False,True
chaining,"(295100234, 294400189)",0,Optimal,35,97,97,True,True,False
chaining,"(295100234, 294400189)",1,Optimal,35,97,97,True,True,True
chaining,"(295100234, 200090225)",0,Optimal,35,97,97,True,True,False
chaining,"(295100234, 200090225)",1,Optimal,35,97,97,True,True,True
chaining,"(295100234, 200000026)",0,Optimal,35,97,97,True,True,False
chaining,"(295100234, 200000026)",1,Optimal,36,96,96,False,False,True
chaining,"(295100234, 296200626)",0,Optimal,35,97,97,True,True,False
chaining,"(295100234, 296200626)",1,Optimal,35,97,97,True,True,True
chaining,"(295100238, 294300211)",0,Optimal,35,97,97,True,True,False
chaining,"(295100238, 294300211)",1,Optimal,35,97,97,True,True,True
chaining,"(295100238, 294300215)",0,Optimal,35,97,97,True,True,False
chaining,"(295100238, 294300215)",1,Optimal,35,97,97,True,True,True
chaining,"(295100238, 294300217)",0,Optimal,35,97,97,True,True,False
chaining,"(295100238, 294300217)",1,Optimal,35,97,97,True,True,True
chaining,"(295100238, 200090219)",0,Optimal,35,97,97,True,True,False
chaining,"(295100238, 200090219)",1,Optimal,35,97,97,True,True,True
chaining,"(295100238, 200090702)",0,Optimal,35,97,97,True,True,False
chaining,"(295100238, 200090702)",1,Optimal,35,97,97,True,True,True
chaining,"(295100238, 296000091)",0,Optimal,35,97,97,True,True,False
chaining,"(295100238, 296000091)",1,Optimal,35,97,97,True,True,True
chaining,"(295100238, 296000097)",0,Optimal,35,97,97,True,True,False
chaining,"(295100238, 296000097)",1,Optimal,35,97,97,True,True,True
chaining,"(295100238, 294400182)",0,Optimal,35,97,97,True,True,False
chaining,"(295100238, 294400182)",1,Optimal,35,97,97,True,True,True
chaining,"(295100238, 200000221)",0,Optimal,35,97,97,True,True,False
chaining,"(295100238, 200000221)",1,Optimal,35,97,97,True,True,True
chaining,"(295100238, 294400189)",0,Optimal,35,97,97,True,True,False
chaining,"(295100238, 294400189)",1,Optimal,35,97,97,True,True,True
chaining,"(295100238, 200090225)",0,Optimal,35,97,97,True,True,False
chaining,"(295100238, 200090225)",1,Optimal,35,97,97,True,True,True
chaining,"(295100238, 200000026)",0,Optimal,35,97,97,True,True,False
chaining,"(295100238, 200000026)",1,Optimal,36,96,96,False,False,True
chaining,"(294100316, 294100349)",0,Optimal,35,97,97,True,True,False
chaining,"(294100316, 294100349)",1,Optimal,36,96,96,False,False,True
chaining,"(294100316, 294100353)",0,Optimal,35,97,97,True,True,False
chaining,"(294100316, 294100353)",1,Optimal,36,96,96,False,False,True
chaining,"(294100316, 294100361)",0,Optimal,35,97,97,True,True,False
chaining,"(294100316, 294100361)",1,Optimal,36,96,96,False,False,True
chaining,"(295100238, 296000105)",0,Optimal,35,97,97,True,True,False
chaining,"(295100238, 296000105)",1,Optimal,35,97,97,True,True,True
chaining,"(295100238, 295800465)",0,Optimal,35,97,97,True,True,False
chaining,"(295100238, 295800465)",1,Optimal,35,97,97,True,True,True
chaining,"(295100238, 200090404)",0,Optimal,35,97,97,True,True,False
chaining,"(295100238, 200090404)",1,Optimal,35,97,97,True,True,True
chaining,"(295100238, 295800463)",0,Optimal,35,97,97,True,True,False
chaining,"(295100238, 295800463)",1,Optimal,35,97,97,True,True,True
chaining,"(295100238, 295800464)",0,Optimal,35,97,97,True,True,False
chaining,"(295100238, 295800464)",1,Optimal,35,97,97,True,True,True
chaining,"(295100238, 296200093)",0,Optimal,35,97,97,True,True,False
chaining,"(295100238, 296200093)",1,Optimal,35,97,97,True,True,True
chaining,"(295100238, 296200088)",0,Optimal,35,97,97,True,True,False
chaining,"(295100238, 296200088)",1,Optimal,35,97,97,True,True,True
chaining,"(295100238, 200090682)",0,Optimal,35,97,97,True,True,False
chaining,"(295100238, 200090682)",1,Optimal,35,97,97,True,True,True
chaining,"(295100238, 200090402)",0,Optimal,35,97,97,True,True,False
chaining,"(295100238, 200090402)",1,Optimal,35,97,97,True,True,True
chaining,"(295100238, 294100316)",0,Optimal,35,97,97,True,True,False
chaining,"(295100238, 294100316)",1,Optimal,35,97,97,True,True,True
chaining,"(295100238, 295200241)",0,Optimal,35,97,97,True,True,False
chaining,"(295100238, 295200241)",1,Optimal,35,97,97,True,True,True
chaining,"(295100238, 295201004)",0,Optimal,35,97,97,True,True,False
chaining,"(295100238, 295201004)",1,Optimal,35,97,97,True,True,True
chaining,"(295100238, 294100328)",0,Optimal,35,97,97,True,True,False
chaining,"(295100238, 294100328)",1,Optimal,35,97,97,True,True,True
chaining,"(295200241, 294100353)",0,Optimal,35,97,97,True,True,False
chaining,"(295200241, 294100353)",1,Optimal,36,96,96,False,False,True
chaining,"(295200241, 294100361)",0,Optimal,35,97,97,True,True,False
chaining,"(295200241, 294100361)",1,Optimal,36,96,96,False,False,True
chaining,"(295100242, 296000105)",0,Optimal,35,97,97,True,True,False
chaining,"(295100242, 296000105)",1,Optimal,35,97,97,True,True,True
chaining,"(295100242, 200090702)",0,Optimal,35,97,97,True,True,False
chaining,"(295100242, 200090702)",1,Optimal,35,97,97,True,True,True
chaining,"(295100238, 296200626)",0,Optimal,35,97,97,True,True,False
chaining,"(295100238, 296200626)",1,Optimal,35,97,97,True,True,True
chaining,"(295100238, 296200624)",0,Optimal,35,97,97,True,True,False
chaining,"(295100238, 296200624)",1,Optimal,35,97,97,True,True,True
chaining,"(295100238, 296200099)",0,Optimal,35,97,97,True,True,True
chaining,"(295100238, 296200099)",1,Optimal,35,97,97,True,True,False
chaining,"(295100238, 296200096)",0,Optimal,35,97,97,True,True,False
chaining,"(295100238, 296200096)",1,Optimal,35,97,97,True,True,True
chaining,"(295100238, 295200253)",0,Optimal,35,97,97,True,True,False
chaining,"(295100238, 295200253)",1,Optimal,35,97,97,True,True,True
chaining,"(295100238, 200000336)",0,Optimal,35,97,97,True,True,False
chaining,"(295100238, 200000336)",1,Optimal,35,97,97,True,True,True
chaining,"(295100238, 200090340)",0,Optimal,35,97,97,True,True,False
chaining,"(295100238, 200090340)",1,Optimal,35,97,97,True,True,True
chaining,"(295100238, 200000382)",0,Optimal,35,97,97,True,True,False
chaining,"(295100238, 200000382)",1,Optimal,35,97,97,True,True,True
chaining,"(295100238, 294100344)",0,Optimal,35,97,97,True,True,False
chaining,"(295100238, 294100344)",1,Optimal,35,97,97,True,True,True
chaining,"(295100238, 294100348)",0,Optimal,35,97,97,True,True,False
chaining,"(295100238, 294100348)",1,Optimal,35,97,97,True,True,True
chaining,"(295100238, 294100352)",0,Optimal,35,97,97,True,True,False
chaining,"(295100238, 294100352)",1,Optimal,36,96,96,False,False,True
chaining,"(295100238, 295200235)",0,Optimal,35,97,97,True,True,False
chaining,"(295100238, 295200235)",1,Optimal,36,96,96,False,False,True
chaining,"(295100238, 294200141)",0,Optimal,35,97,97,True,True,False
chaining,"(295100238, 294200141)",1,Optimal,35,97,97,True,True,True
chaining,"(295100238, 294200138)",0,Optimal,35,97,97,True,True,False
chaining,"(295100238, 294200138)",1,Optimal,35,97,97,True,True,True
chaining,"(295100238, 294200175)",0,Optimal,35,97,97,True,True,False
chaining,"(295100238, 294200175)",1,Optimal,35,97,97,True,True,True
chaining,"(295100238, 200090123)",0,Optimal,35,97,97,True,True,False
chaining,"(295100238, 200090123)",1,Optimal,35,97,97,True,True,True
chaining,"(295100242, 295800465)",0,Optimal,35,97,97,True,True,False
chaining,"(295100242, 295800465)",1,Optimal,35,97,97,True,True,True
chaining,"(295100242, 200090404)",0,Optimal,35,97,97,True,True,False
chaining,"(295100242, 200090404)",1,Optimal,35,97,97,True,True,True
chaining,"(295100242, 295800463)",0,Optimal,35,97,97,True,True,False
chaining,"(295100242, 295800463)",1,Optimal,35,97,97,True,True,True
chaining,"(295100242, 295800464)",0,Optimal,35,97,97,True,True,False
chaining,"(295100242, 295800464)",1,Optimal,35,97,97,True,True,True
chaining,"(295100242, 296200099)",0,Optimal,35,97,97,True,True,False
chaining,"(295100242, 296200099)",1,Optimal,35,97,97,True,True,True
chaining,"(295100242, 296200096)",0,Optimal,35,97,97,True,True,False
chaining,"(295100242, 296200096)",1,Optimal,35,97,97,True,True,True
chaining,"(295100242, 296200093)",0,Optimal,35,97,97,True,True,False
chaining,"(295100242, 296200093)",1,Optimal,35,97,97,True,True,True
chaining,"(295100242, 296200088)",0,Optimal,35,97,97,True,True,False
chaining,"(295100242, 296200088)",1,Optimal,35,97,97,True,True,True
chaining,"(295100242, 294100348)",0,Optimal,35,97,97,True,True,False
chaining,"(295100242, 294100348)",1,Optimal,35,97,97,True,True,True
chaining,"(295100242, 294100352)",0,Optimal,35,97,97,True,True,False
chaining,"(295100242, 294100352)",1,Optimal,36,96,96,False,False,True
chaining,"(295100242, 295200235)",0,Optimal,35,97,97,True,True,False
chaining,"(295100242, 295200235)",1,Optimal,36,96,96,False,False,True
chaining,"(295100242, 294200141)",0,Optimal,35,97,97,True,True,False
chaining,"(295100242, 294200141)",1,Optimal,35,97,97,True,True,True
chaining,"(295100242, 200000336)",0,Optimal,35,97,97,True,True,False
chaining,"(295100242, 200000336)",1,Optimal,35,97,97,True,True,True
chaining,"(295100242, 200090340)",0,Optimal,35,97,97,True,True,False
chaining,"(295100242, 200090340)",1,Optimal,35,97,97,True,True,True
chaining,"(295100242, 200000382)",0,Optimal,35,97,97,True,True,False
chaining,"(295100242, 200000382)",1,Optimal,35,97,97,True,True,True
chaining,"(295100242, 294100344)",0,Optimal,35,97,97,True,True,False
chaining,"(295100242, 294100344)",1,Optimal,35,97,97,True,True,True
chaining,"(295100242, 296000091)",0,Optimal,35,97,97,True,True,False
chaining,"(295100242, 296000091)",1,Optimal,35,97,97,True,True,True
chaining,"(295100242, 296000097)",0,Optimal,35,97,97,True,True,False
chaining,"(295100242, 296000097)",1,Optimal,35,97,97,True,True,True
chaining,"(295100242, 294300211)",0,Optimal,35,97,97,True,True,False
chaining,"(295100242, 294300211)",1,Optimal,35,97,97,True,True,True
chaining,"(295100242, 294300215)",0,Optimal,35,97,97,True,True,False
chaining,"(295100242, 294300215)",1,Optimal,35,97,97,True,True,True
chaining,"(295100242, 295200241)",0,Optimal,35,97,97,True,True,False
chaining,"(295100242, 295200241)",1,Optimal,35,97,97,True,True,True
chaining,"(295100242, 295201004)",0,Optimal,35,97,97,True,True,False
chaining,"(295100242, 295201004)",1,Optimal,35,97,97,True,True,True
chaining,"(295100242, 294100328)",0,Optimal,35,97,97,True,True,False
chaining,"(295100242, 294100328)",1,Optimal,35,97,97,True,True,True
chaining,"(295100242, 295200253)",0,Optimal,35,97,97,True,True,False
chaining,"(295100242, 295200253)",1,Optimal,35,97,97,True,True,True
chaining,"(295100238, 200000121)",0,Optimal,35,97,97,True,True,False
chaining,"(295100238, 200000121)",1,Optimal,35,97,97,True,True,True
chaining,"(295100238, 294200147)",0,Optimal,35,97,97,True,True,False
chaining,"(295100238, 294200147)",1,Optimal,35,97,97,True,True,True
chaining,"(295200241, 294100345)",0,Optimal,36,96,96,False,False,True
chaining,"(295200241, 294100345)",1,Optimal,35,97,97,True,True,False
chaining,"(295200241, 294100349)",0,Optimal,35,97,97,True,True,False
chaining,"(295200241, 294100349)",1,Optimal,36,96,96,False,False,True
chaining,"(295100242, 294300217)",0,Optimal,35,97,97,True,True,False
chaining,"(295100242, 294300217)",1,Optimal,35,97,97,True,True,True
chaining,"(295100242, 200090219)",0,Optimal,35,97,97,True,True,False
chaining,"(295100242, 200090219)",1,Optimal,35,97,97,True,True,True
chaining,"(295100242, 200000221)",0,Optimal,35,97,97,True,True,False
chaining,"(295100242, 200000221)",1,Optimal,35,97,97,True,True,True
chaining,"(295100242, 294400189)",0,Optimal,35,97,97,True,True,False
chaining,"(295100242, 294400189)",1,Optimal,35,97,97,True,True,True
chaining,"(295100242, 200090225)",0,Optimal,35,97,97,True,True,False
chaining,"(295100242, 200090225)",1,Optimal,35,97,97,True,True,True
chaining,"(295100242, 200000026)",0,Optimal,35,97,97,True,True,False
chaining,"(295100242, 200000026)",1,Optimal,36,96,96,False,False,True
chaining,"(295100242, 296200626)",0,Optimal,35,97,97,True,True,False
chaining,"(295100242, 296200626)",1,Optimal,35,97,97,True,True,True
chaining,"(295100242, 296200624)",0,Optimal,35,97,97,True,True,False
chaining,"(295100242, 296200624)",1,Optimal,35,97,97,True,True,True
chaining,"(295201004, 294100349)",0,Optimal,36,96,96,False,False,True
chaining,"(295201004, 294100349)",1,Optimal,35,97,97,True,True,False
chaining,"(295201004, 294100353)",0,Optimal,35,97,97,True,True,False
chaining,"(295201004, 294100353)",1,Optimal,36,96,96,False,False,True
chaining,"(295201004, 294100361)",0,Optimal,35,97,97,True,True,False
chaining,"(295201004, 294100361)",1,Optimal,36,96,96,False,False,True
chaining,"(200000325, 296000105)",0,Optimal,35,97,97,True,True,False
chaining,"(200000325, 296000105)",1,Optimal,35,97,97,True,True,True
chaining,"(200000325, 295800465)",0,Optimal,35,97,97,True,True,False
chaining,"(200000325, 295800465)",1,Optimal,35,97,97,True,True,True
chaining,"(200000325, 200090404)",0,Optimal,35,97,97,True,True,False
chaining,"(200000325, 200090404)",1,Optimal,35,97,97,True,True,True
chaining,"(200000325, 295800463)",0,Optimal,35,97,97,True,True,False
chaining,"(200000325, 295800463)",1,Optimal,35,97,97,True,True,True
chaining,"(200000325, 295800464)",0,Optimal,35,97,97,True,True,False
chaining,"(200000325, 295800464)",1,Optimal,35,97,97,True,True,True
chaining,"(200000325, 296200099)",0,Optimal,35,97,97,True,True,False
chaining,"(200000325, 296200099)",1,Optimal,35,97,97,True,True,True
chaining,"(200000325, 296200096)",0,Optimal,35,97,97,True,True,False
chaining,"(200000325, 296200096)",1,Optimal,35,97,97,True,True,True
chaining,"(200000325, 296200093)",0,Optimal,35,97,97,True,True,False
chaining,"(200000325, 296200093)",1,Optimal,35,97,97,True,True,True
chaining,"(200000325, 296200088)",0,Optimal,35,97,97,True,True,False
chaining,"(200000325, 296200088)",1,Optimal,35,97,97,True,True,True
chaining,"(200000325, 294300217)",0,Optimal,35,97,97,True,True,False
chaining,"(200000325, 294300217)",1,Optimal,35,97,97,True,True,True
chaining,"(200000325, 200090219)",0,Optimal,35,97,97,True,True,False
chaining,"(200000325, 200090219)",1,Optimal,35,97,97,True,True,True
chaining,"(200000325, 200000221)",0,Optimal,35,97,97,True,True,False
chaining,"(200000325, 200000221)",1,Optimal,35,97,97,True,True,True
chaining,"(200000325, 294400189)",0,Optimal,35,97,97,True,True,False
chaining,"(200000325, 294400189)",1,Optimal,35,97,97,True,True,True
chaining,"(200000325, 200090225)",0,Optimal,35,97,97,True,True,False
chaining,"(200000325, 200090225)",1,Optimal,35,97,97,True,True,True
chaining,"(200000325, 200000026)",0,Optimal,35,97,97,True,True,False
chaining,"(200000325, 200000026)",1,Optimal,36,96,96,False,False,True
chaining,"(200000325, 296200626)",0,Optimal,35,97,97,True,True,False
chaining,"(200000325, 296200626)",1,Optimal,35,97,97,True,True,True
chaining,"(200000325, 296200624)",0,Optimal,35,97,97,True,True,False
chaining,"(200000325, 296200624)",1,Optimal,35,97,97,True,True,True
chaining,"(295100242, 294200138)",0,Optimal,35,97,97,True,True,False
chaining,"(295100242, 294200138)",1,Optimal,35,97,97,True,True,True
chaining,"(295100242, 294200175)",0,Optimal,35,97,97,True,True,False
chaining,"(295100242, 294200175)",1,Optimal,35,97,97,True,True,True
chaining,"(295100242, 200090123)",0,Optimal,35,97,97,True,True,True
chaining,"(295100242, 200090123)",1,Optimal,35,97,97,True,True,False
chaining,"(295100242, 200000121)",0,Optimal,35,97,97,True,True,False
chaining,"(295100242, 200000121)",1,Optimal,35,97,97,True,True,True
chaining,"(200000325, 295201004)",0,Optimal,35,97,97,True,True,False
chaining,"(200000325, 295201004)",1,Optimal,35,97,97,True,True,True
chaining,"(200000325, 294100328)",0,Optimal,35,97,97,True,True,False
chaining,"(200000325, 294100328)",1,Optimal,35,97,97,True,True,True
chaining,"(200000325, 295200253)",0,Optimal,35,97,97,True,True,False
chaining,"(200000325, 295200253)",1,Optimal,35,97,97,True,True,True
chaining,"(200000325, 200000336)",0,Optimal,35,97,97,True,True,False
chaining,"(200000325, 200000336)",1,Optimal,35,97,97,True,True,True
chaining,"(200000325, 294100352)",0,Optimal,35,97,97,True,True,False
chaining,"(200000325, 294100352)",1,Optimal,36,96,96,False,False,True
chaining,"(200000325, 295200235)",0,Optimal,35,97,97,True,True,False
chaining,"(200000325, 295200235)",1,Optimal,36,96,96,False,False,True
chaining,"(200000325, 294200141)",0,Optimal,35,97,97,True,True,False
chaining,"(200000325, 294200141)",1,Optimal,35,97,97,True,True,True
chaining,"(200000325, 294200138)",0,Optimal,35,97,97,True,True,False
chaining,"(200000325, 294200138)",1,Optimal,35,97,97,True,True,True
chaining,"(200000325, 200090702)",0,Optimal,35,97,97,True,True,False
chaining,"(200000325, 200090702)",1,Optimal,35,97,97,True,True,True
chaining,"(200000325, 296000091)",0,Optimal,35,97,97,True,True,False
chaining,"(200000325, 296000091)",1,Optimal,35,97,97,True,True,True
chaining,"(200000325, 296000097)",0,Optimal,35,97,97,True,True,False
chaining,"(200000325, 296000097)",1,Optimal,35,97,97,True,True,True
chaining,"(200000325, 294300215)",0,Optimal,35,97,97,True,True,False
chaining,"(200000325, 294300215)",1,Optimal,35,97,97,True,True,True
chaining,"(200000325, 200090340)",0,Optimal,35,97,97,True,True,False
chaining,"(200000325, 200090340)",1,Optimal,35,97,97,True,True,True
chaining,"(200000325, 200000382)",0,Optimal,35,97,97,True,True,True
chaining,"(200000325, 200000382)",1,Optimal,35,97,97,True,True,False
chaining,"(200000325, 294100344)",0,Optimal,35,97,97,True,True,False
chaining,"(200000325, 294100344)",1,Optimal,35,97,97,True,True,True
chaining,"(200000325, 294100348)",0,Optimal,35,97,97,True,True,False
chaining,"(200000325, 294100348)",1,Optimal,35,97,97,True,True,True
chaining,"(200000325, 294200175)",0,Optimal,35,97,97,True,True,False
chaining,"(200000325, 294200175)",1,Optimal,35,97,97,True,True,True
chaining,"(200000325, 200090123)",0,Optimal,35,97,97,True,True,False
chaining,"(200000325, 200090123)",1,Optimal,35,97,97,True,True,True
chaining,"(200000325, 200000121)",0,Optimal,35,97,97,True,True,False
chaining,"(200000325, 200000121)",1,Optimal,35,97,97,True,True,True
chaining,"(294100328, 294100353)",0,Optimal,36,96,96,False,False,True
chaining,"(294100328, 294100353)",1,Optimal,35,97,97,True,True,False
chaining,"(200090329, 295200235)",0,Optimal,35,97,97,True,True,False
chaining,"(200090329, 295200235)",1,Optimal,36,96,96,False,False,True
chaining,"(200090329, 294200141)",0,Optimal,35,97,97,True,True,False
chaining,"(200090329, 294200141)",1,Optimal,35,97,97,True,True,True
chaining,"(200090329, 294200138)",0,Optimal,35,97,97,True,True,False
chaining,"(200090329, 294200138)",1,Optimal,35,97,97,True,True,True
chaining,"(200090329, 294200175)",0,Optimal,35,97,97,True,True,False
chaining,"(200090329, 294200175)",1,Optimal,35,97,97,True,True,True
chaining,"(200090329, 296200624)",0,Optimal,35,97,97,True,True,False
chaining,"(200090329, 296200624)",1,Optimal,35,97,97,True,True,True
chaining,"(200090329, 296200099)",0,Optimal,35,97,97,True,True,False
chaining,"(200090329, 296200099)",1,Optimal,35,97,97,True,True,True
chaining,"(200090329, 296200096)",0,Optimal,35,97,97,True,True,False
chaining,"(200090329, 296200096)",1,Optimal,35,97,97,True,True,True
chaining,"(200090329, 296200093)",0,Optimal,35,97,97,True,True,False
chaining,"(200090329, 296200093)",1,Optimal,35,97,97,True,True,True
chaining,"(200090329, 294400189)",0,Optimal,35,97,97,True,True,False
chaining,"(200090329, 294400189)",1,Optimal,35,97,97,True,True,True
chaining,"(200090329, 200090225)",0,Optimal,35,97,97,True,True,False
chaining,"(200090329, 200090225)",1,Optimal,35,97,97,True,True,True
chaining,"(200090329, 200000026)",0,Optimal,35,97,97,True,True,False
chaining,"(200090329, 200000026)",1,Optimal,36,96,96,False,False,True
chaining,"(200090329, 296200626)",0,Optimal,35,97,97,True,True,False
chaining,"(200090329, 296200626)",1,Optimal,35,97,97,True,True,True
chaining,"(200090329, 294100328)",0,Optimal,35,97,97,True,True,False
chaining,"(200090329, 294100328)",1,Optimal,35,97,97,True,True,True
chaining,"(200090329, 295200253)",0,Optimal,35,97,97,True,True,False
chaining,"(200090329, 295200253)",1,Optimal,35,97,97,True,True,True
chaining,"(200090329, 200000336)",0,Optimal,35,97,97,True,True,False
chaining,"(200090329, 200000336)",1,Optimal,35,97,97,True,True,True
chaining,"(200090329, 200090340)",0,Optimal,35,97,97,True,True,False
chaining,"(200090329, 200090340)",1,Optimal,35,97,97,True,True,True
chaining,"(294100328, 294100361)",0,Optimal,35,97,97,True,True,False
chaining,"(294100328, 294100361)",1,Optimal,36,96,96,False,False,True
chaining,"(200090329, 296000105)",0,Optimal,35,97,97,True,True,False
chaining,"(200090329, 296000105)",1,Optimal,35,97,97,True,True,True
chaining,"(200090329, 296000091)",0,Optimal,35,97,97,True,True,False
chaining,"(200090329, 296000091)",1,Optimal,35,97,97,True,True,True
chaining,"(200090329, 296000097)",0,Optimal,35,97,97,True,True,False
chaining,"(200090329, 296000097)",1,Optimal,35,97,97,True,True,True
chaining,"(295100254, 200000221)",0,Optimal,35,97,97,True,True,False
chaining,"(295100254, 200000221)",1,Optimal,35,97,97,True,True,True
chaining,"(295100254, 294400189)",0,Optimal,35,97,97,True,True,False
chaining,"(295100254, 294400189)",1,Optimal,35,97,97,True,True,True
chaining,"(295100254, 200090225)",0,Optimal,35,97,97,True,True,False
chaining,"(295100254, 200090225)",1,Optimal,35,97,97,True,True,True
chaining,"(295100254, 200000026)",0,Optimal,35,97,97,True,True,False
chaining,"(295100254, 200000026)",1,Optimal,36,96,96,False,False,True
chaining,"(200090329, 200000382)",0,Optimal,35,97,97,True,True,False
chaining,"(200090329, 200000382)",1,Optimal,35,97,97,True,True,True
chaining,"(200090329, 294100344)",0,Optimal,35,97,97,True,True,False
chaining,"(200090329, 294100344)",1,Optimal,35,97,97,True,True,True
chaining,"(200090329, 294100348)",0,Optimal,35,97,97,True,True,False
chaining,"(200090329, 294100348)",1,Optimal,35,97,97,True,True,True
chaining,"(200090329, 294100352)",0,Optimal,35,97,97,True,True,False
chaining,"(200090329, 294100352)",1,Optimal,36,96,96,False,False,True
chaining,"(295100254, 294200141)",0,Optimal,35,97,97,True,True,False
chaining,"(295100254, 294200141)",1,Optimal,35,97,97,True,True,True
chaining,"(295100254, 294200138)",0,Optimal,35,97,97,True,True,False
chaining,"(295100254, 294200138)",1,Optimal,35,97,97,True,True,True
chaining,"(295100254, 294200175)",0,Optimal,35,97,97,True,True,False
chaining,"(295100254, 294200175)",1,Optimal,35,97,97,True,True,True
chaining,"(295100254, 200090123)",0,Optimal,35,97,97,True,True,False
chaining,"(295100254, 200090123)",1,Optimal,35,97,97,True,True,True
chaining,"(200090329, 294300215)",0,Optimal,35,97,97,True,True,False
chaining,"(200090329, 294300215)",1,Optimal,35,97,97,True,True,True
chaining,"(200090329, 294300217)",0,Optimal,35,97,97,True,True,True
chaining,"(200090329, 294300217)",1,Optimal,35,97,97,True,True,False
chaining,"(200090329, 200090219)",0,Optimal,35,97,97,True,True,False
chaining,"(200090329, 200090219)",1,Optimal,35,97,97,True,True,True
chaining,"(200090329, 200000221)",0,Optimal,35,97,97,True,True,False
chaining,"(200090329, 200000221)",1,Optimal,35,97,97,True,True,True
chaining,"(295100254, 295800465)",0,Optimal,35,97,97,True,True,False
chaining,"(295100254, 295800465)",1,Optimal,35,97,97,True,True,True
chaining,"(295100254, 200090404)",0,Optimal,35,97,97,True,True,False
chaining,"(295100254, 200090404)",1,Optimal,35,97,97,True,True,True
chaining,"(295100254, 295800463)",0,Optimal,35,97,97,True,True,False
chaining,"(295100254, 295800463)",1,Optimal,35,97,97,True,True,True
chaining,"(295100254, 295800464)",0,Optimal,35,97,97,True,True,False
chaining,"(295100254, 295800464)",1,Optimal,35,97,97,True,True,True
chaining,"(295100254, 296200626)",0,Optimal,35,97,97,True,True,False
chaining,"(295100254, 296200626)",1,Optimal,35,97,97,True,True,True
chaining,"(295100254, 296200624)",0,Optimal,35,97,97,True,True,False
chaining,"(295100254, 296200624)",1,Optimal,35,97,97,True,True,True
chaining,"(295100254, 296200099)",0,Optimal,35,97,97,True,True,False
chaining,"(295100254, 296200099)",1,Optimal,35,97,97,True,True,True
chaining,"(295100254, 296200096)",0,Optimal,35,97,97,True,True,False
chaining,"(295100254, 296200096)",1,Optimal,35,97,97,True,True,True
chaining,"(200090329, 295800465)",0,Optimal,35,97,97,True,True,False
chaining,"(200090329, 295800465)",1,Optimal,35,97,97,True,True,True
chaining,"(200090329, 200090404)",0,Optimal,35,97,97,True,True,False
chaining,"(200090329, 200090404)",1,Optimal,35,97,97,True,True,True
chaining,"(200090329, 295800463)",0,Optimal,35,97,97,True,True,False
chaining,"(200090329, 295800463)",1,Optimal,35,97,97,True,True,True
chaining,"(200090329, 295800464)",0,Optimal,35,97,97,True,True,False
chaining,"(200090329, 295800464)",1,Optimal,35,97,97,True,True,True
chaining,"(200090337, 200090219)",0,Optimal,35,97,97,True,True,False
chaining,"(200090337, 200090219)",1,Optimal,35,97,97,True,True,True
chaining,"(200090337, 200000221)",0,Optimal,35,97,97,True,True,False
chaining,"(200090337, 200000221)",1,Optimal,35,97,97,True,True,True
chaining,"(200090337, 294400189)",0,Optimal,35,97,97,True,True,False
chaining,"(200090337, 294400189)",1,Optimal,35,97,97,True,True,True
chaining,"(200090337, 200090225)",0,Optimal,35,97,97,True,True,False
chaining,"(200090337, 200090225)",1,Optimal,35,97,97,True,True,True
chaining,"(295100254, 295200253)",0,Optimal,35,97,97,True,True,False
chaining,"(295100254, 295200253)",1,Optimal,35,97,97,True,True,True
chaining,"(295100254, 200000336)",0,Optimal,35,97,97,True,True,False
chaining,"(295100254, 200000336)",1,Optimal,35,97,97,True,True,True
chaining,"(295100254, 200090340)",0,Optimal,35,97,97,True,True,False
chaining,"(295100254, 200090340)",1,Optimal,35,97,97,True,True,True
chaining,"(295100254, 200000382)",0,Optimal,35,97,97,True,True,False
chaining,"(295100254, 200000382)",1,Optimal,35,97,97,True,True,True
chaining,"(200090329, 200090123)",0,Optimal,35,97,97,True,True,False
chaining,"(200090329, 200090123)",1,Optimal,35,97,97,True,True,True
chaining,"(200090329, 200000121)",0,Optimal,35,97,97,True,True,False
chaining,"(200090329, 200000121)",1,Optimal,35,97,97,True,True,True
chaining,"(295200253, 294100361)",0,Optimal,35,97,97,True,True,False
chaining,"(295200253, 294100361)",1,Optimal,35,97,97,True,True,True
chaining,"(295100254, 296000105)",0,Optimal,35,97,97,True,True,False
chaining,"(295100254, 296000105)",1,Optimal,35,97,97,True,True,True
chaining,"(295100254, 294100344)",0,Optimal,35,97,97,True,True,False
chaining,"(295100254, 294100344)",1,Optimal,35,97,97,True,True,True
chaining,"(295100254, 294100348)",0,Optimal,35,97,97,True,True,False
chaining,"(295100254, 294100348)",1,Optimal,35,97,97,True,True,True
chaining,"(295100254, 294100352)",0,Optimal,35,97,97,True,True,False
chaining,"(295100254, 294100352)",1,Optimal,36,96,96,False,False,True
chaining,"(295100254, 295200235)",0,Optimal,35,97,97,True,True,False
chaining,"(295100254, 295200235)",1,Optimal,36,96,96,False,False,True
chaining,"(200090337, 200000026)",0,Optimal,35,97,97,True,True,False
chaining,"(200090337, 200000026)",1,Optimal,36,96,96,False,False,True
chaining,"(200090337, 296200626)",0,Optimal,35,97,97,True,True,False
chaining,"(200090337, 296200626)",1,Optimal,35,97,97,True,True,True
chaining,"(200090337, 296200624)",0,Optimal,35,97,97,True,True,False
chaining,"(200090337, 296200624)",1,Optimal,35,97,97,True,True,True
chaining,"(200090337, 296200099)",0,Optimal,35,97,97,True,True,False
chaining,"(200090337, 296200099)",1,Optimal,35,97,97,True,True,True
chaining,"(295100254, 296000091)",0,Optimal,35,97,97,True,True,False
chaining,"(295100254, 296000091)",1,Optimal,35,97,97,True,True,True
chaining,"(295100254, 296000097)",0,Optimal,35,97,97,True,True,True
chaining,"(295100254, 296000097)",1,Optimal,35,97,97,True,True,False
chaining,"(295100254, 294300217)",0,Optimal,35,97,97,True,True,False
chaining,"(295100254, 294300217)",1,Optimal,35,97,97,True,True,True
chaining,"(295100254, 200090219)",0,Optimal,35,97,97,True,True,False
chaining,"(295100254, 200090219)",1,Optimal,35,97,97,True,True,True
chaining,"(200000336, 294100361)",0,Optimal,35,97,97,True,True,True
chaining,"(200000336, 294100361)",1,Optimal,35,97,97,True,True,False
chaining,"(200090337, 296000105)",0,Optimal,35,97,97,True,True,False
chaining,"(200090337, 296000105)",1,Optimal,35,97,97,True,True,True
chaining,"(200090337, 296000091)",0,Optimal,35,97,97,True,True,False
chaining,"(200090337, 296000091)",1,Optimal,35,97,97,True,True,True
chaining,"(200090337, 296000097)",0,Optimal,35,97,97,True,True,False
chaining,"(200090337, 296000097)",1,Optimal,35,97,97,True,True,True
chaining,"(294100341, 294100348)",0,Optimal,35,97,97,True,True,False
chaining,"(294100341, 294100348)",1,Optimal,35,97,97,True,True,True
chaining,"(294100341, 294100352)",0,Optimal,35,97,97,True,True,False
chaining,"(294100341, 294100352)",1,Optimal,36,96,96,False,False,True
chaining,"(294100341, 295200235)",0,Optimal,35,97,97,True,True,False
chaining,"(294100341, 295200235)",1,Optimal,36,96,96,False,False,True
chaining,"(294100341, 294200141)",0,Optimal,35,97,97,True,True,False
chaining,"(294100341, 294200141)",1,Optimal,35,97,97,True,True,True
chaining,"(200090337, 294100348)",0,Optimal,35,97,97,True,True,False
chaining,"(200090337, 294100348)",1,Optimal,35,97,97,True,True,True
chaining,"(200090337, 294100352)",0,Optimal,35,97,97,True,True,False
chaining,"(200090337, 294100352)",1,Optimal,36,96,96,False,False,True
chaining,"(200090337, 295200235)",0,Optimal,35,97,97,True,True,False
chaining,"(200090337, 295200235)",1,Optimal,36,96,96,False,False,True
chaining,"(200090337, 294200141)",0,Optimal,35,97,97,True,True,False
chaining,"(200090337, 294200141)",1,Optimal,35,97,97,True,True,True
chaining,"(200090337, 200000336)",0,Optimal,35,97,97,True,True,False
chaining,"(200090337, 200000336)",1,Optimal,35,97,97,True,True,True
chaining,"(200090337, 200090340)",0,Optimal,35,97,97,True,True,False
chaining,"(200090337, 200090340)",1,Optimal,35,97,97,True,True,True
chaining,"(200090337, 200000382)",0,Optimal,35,97,97,True,True,False
chaining,"(200090337, 200000382)",1,Optimal,35,97,97,True,True,True
chaining,"(200090337, 294100344)",0,Optimal,35,97,97,True,True,False
chaining,"(200090337, 294100344)",1,Optimal,35,97,97,True,True,True
chaining,"(200090337, 295800465)",0,Optimal,35,97,97,True,True,False
chaining,"(200090337, 295800465)",1,Optimal,35,97,97,True,True,True
chaining,"(200090337, 200090404)",0,Optimal,35,97,97,True,True,True
chaining,"(200090337, 200090404)",1,Optimal,35,97,97,True,True,False
chaining,"(200090337, 295800463)",0,Optimal,35,97,97,True,True,False
chaining,"(200090337, 295800463)",1,Optimal,35,97,97,True,True,True
chaining,"(200090337, 295800464)",0,Optimal,35,97,97,True,True,False
chaining,"(200090337, 295800464)",1,Optimal,35,97,97,True,True,True
chaining,"(294100341, 200000221)",0,Optimal,35,97,97,True,True,True
chaining,"(294100341, 200000221)",1,Optimal,35,97,97,True,True,False
chaining,"(294100341, 294400189)",0,Optimal,35,97,97,True,True,False
chaining,"(294100341, 294400189)",1,Optimal,35,97,97,True,True,True
chaining,"(294100341, 200090225)",0,Optimal,35,97,97,True,True,False
chaining,"(294100341, 200090225)",1,Optimal,35,97,97,True,True,True
chaining,"(294100341, 200000026)",0,Optimal,35,97,97,True,True,False
chaining,"(294100341, 200000026)",1,Optimal,36,96,96,False,False,True
chaining,"(200090337, 294200138)",0,Optimal,35,97,97,True,True,False
chaining,"(200090337, 294200138)",1,Optimal,35,97,97,True,True,True
chaining,"(200090337, 294200175)",0,Optimal,35,97,97,True,True,False
chaining,"(200090337, 294200175)",1,Optimal,35,97,97,True,True,True
chaining,"(294100341, 296000105)",0,Optimal,35,97,97,True,True,False
chaining,"(294100341, 296000105)",1,Optimal,35,97,97,True,True,True
chaining,"(294100341, 296000097)",0,Optimal,35,97,97,True,True,False
chaining,"(294100341, 296000097)",1,Optimal,35,97,97,True,True,True
chaining,"(294100341, 296200626)",0,Optimal,35,97,97,True,True,False
chaining,"(294100341, 296200626)",1,Optimal,35,97,97,True,True,True
chaining,"(294100341, 296200624)",0,Optimal,35,97,97,True,True,False
chaining,"(294100341, 296200624)",1,Optimal,35,97,97,True,True,True
chaining,"(294100341, 200090404)",0,Optimal,35,97,97,True,True,False
chaining,"(294100341, 200090404)",1,Optimal,35,97,97,True,True,True
chaining,"(294100341, 295800463)",0,Optimal,35,97,97,True,True,False
chaining,"(294100341, 295800463)",1,Optimal,35,97,97,True,True,True
chaining,"(294100122, 296000105)",0,Optimal,35,97,97,True,True,False
chaining,"(294100122, 296000105)",1,Optimal,35,97,97,True,True,True
chaining,"(294100122, 200090702)",0,Optimal,35,97,97,True,True,False
chaining,"(294100122, 200090702)",1,Optimal,35,97,97,True,True,True
chaining,"(294100122, 296000091)",0,Optimal,35,97,97,True,True,False
chaining,"(294100122, 296000091)",1,Optimal,35,97,97,True,True,True
chaining,"(294100122, 296000097)",0,Optimal,35,97,97,True,True,False
chaining,"(294100122, 296000097)",1,Optimal,35,97,97,True,True,True
chaining,"(294100345, 294100352)",0,Optimal,35,97,97,True,True,False
chaining,"(294100345, 294100352)",1,Optimal,36,96,96,False,False,True
chaining,"(294100345, 295200235)",0,Optimal,35,97,97,True,True,False
chaining,"(294100345, 295200235)",1,Optimal,36,96,96,False,False,True
chaining,"(294100345, 294200141)",0,Optimal,35,97,97,True,True,False
chaining,"(294100345, 294200141)",1,Optimal,35,97,97,True,True,True
chaining,"(294100345, 294200138)",0,Optimal,35,97,97,True,True,False
chaining,"(294100345, 294200138)",1,Optimal,35,97,97,True,True,True
chaining,"(294100341, 294200138)",0,Optimal,35,97,97,True,True,False
chaining,"(294100341, 294200138)",1,Optimal,35,97,97,True,True,True
chaining,"(294100341, 294200175)",0,Optimal,35,97,97,True,True,False
chaining,"(294100341, 294200175)",1,Optimal,35,97,97,True,True,True
chaining,"(294100345, 296000105)",0,Optimal,35,97,97,True,True,False
chaining,"(294100345, 296000105)",1,Optimal,35,97,97,True,True,True
chaining,"(294100345, 294400189)",0,Optimal,35,97,97,True,True,False
chaining,"(294100345, 294400189)",1,Optimal,35,97,97,True,True,True
chaining,"(294100349, 200090225)",0,Optimal,35,97,97,True,True,False
chaining,"(294100349, 200090225)",1,Optimal,35,97,97,True,True,True
chaining,"(294100349, 200000026)",0,Optimal,35,97,97,True,True,False
chaining,"(294100349, 200000026)",1,Optimal,36,96,96,False,False,True
chaining,"(294100349, 295800464)",0,Optimal,35,97,97,True,True,True
chaining,"(294100349, 295800464)",1,Optimal,35,97,97,True,True,False
chaining,"(294100349, 294100348)",0,Optimal,35,97,97,True,True,False
chaining,"(294100349, 294100348)",1,Optimal,35,97,97,True,True,True
chaining,"(294100341, 295800464)",0,Optimal,35,97,97,True,True,False
chaining,"(294100341, 295800464)",1,Optimal,35,97,97,True,True,True
chaining,"(294100341, 200090340)",0,Optimal,35,97,97,True,True,False
chaining,"(294100341, 200090340)",1,Optimal,35,97,97,True,True,True
chaining,"(294100341, 200000382)",0,Optimal,35,97,97,True,True,False
chaining,"(294100341, 200000382)",1,Optimal,35,97,97,True,True,True
chaining,"(294100341, 294100344)",0,Optimal,35,97,97,True,True,False
chaining,"(294100341, 294100344)",1,Optimal,35,97,97,True,True,True
chaining,"(294100345, 200090225)",0,Optimal,35,97,97,True,True,False
chaining,"(294100345, 200090225)",1,Optimal,35,97,97,True,True,True
chaining,"(294100345, 200000026)",0,Optimal,35,97,97,True,True,False
chaining,"(294100345, 200000026)",1,Optimal,36,96,96,False,False,True
chaining,"(294100345, 296200626)",0,Optimal,35,97,97,True,True,False
chaining,"(294100345, 296200626)",1,Optimal,35,97,97,True,True,True
chaining,"(294100345, 295800463)",0,Optimal,35,97,97,True,True,True
chaining,"(294100345, 295800463)",1,Optimal,35,97,97,True,True,False
chaining,"(294100122, 294300211)",0,Optimal,35,97,97,True,True,False
chaining,"(294100122, 294300211)",1,Optimal,35,97,97,True,True,True
chaining,"(294100122, 294300215)",0,Optimal,35,97,97,True,True,False
chaining,"(294100122, 294300215)",1,Optimal,35,97,97,True,True,True
chaining,"(294100122, 294300217)",0,Optimal,35,97,97,True,True,False
chaining,"(294100122, 294300217)",1,Optimal,35,97,97,True,True,True
chaining,"(294100122, 200090219)",0,Optimal,35,97,97,True,True,False
chaining,"(294100122, 200090219)",1,Optimal,35,97,97,True,True,True
chaining,"(294100349, 294100352)",0,Optimal,35,97,97,True,True,False
chaining,"(294100349, 294100352)",1,Optimal,36,96,96,False,False,True
chaining,"(294100349, 295200235)",0,Optimal,35,97,97,True,True,False
chaining,"(294100349, 295200235)",1,Optimal,36,96,96,False,False,True
chaining,"(294100349, 294200141)",0,Optimal,35,97,97,True,True,False
chaining,"(294100349, 294200141)",1,Optimal,35,97,97,True,True,True
chaining,"(294100353, 200000026)",0,Optimal,35,97,97,True,True,True
chaining,"(294100353, 200000026)",1,Optimal,35,97,97,True,True,False
chaining,"(294100353, 294100352)",0,Optimal,35,97,97,True,True,False
chaining,"(294100353, 294100352)",1,Optimal,35,97,97,True,True,True
chaining,"(294100353, 295200235)",0,Optimal,35,97,97,True,True,False
chaining,"(294100353, 295200235)",1,Optimal,35,97,97,True,True,True
chaining,"(294100361, 295200235)",0,Optimal,35,97,97,True,True,True
chaining,"(294100361, 295200235)",1,Optimal,35,97,97,True,True,False
chaining,"(294100122, 296000081)",0,Optimal,35,97,97,True,True,False
chaining,"(294100122, 296000081)",1,Optimal,35,97,97,True,True,True
chaining,"(294100345, 295800464)",0,Optimal,35,97,97,True,True,False
chaining,"(294100345, 295800464)",1,Optimal,35,97,97,True,True,True
chaining,"(294100345, 200000382)",0,Optimal,35,97,97,True,True,False
chaining,"(294100345, 200000382)",1,Optimal,35,97,97,True,True,True
chaining,"(294100345, 294100344)",0,Optimal,35,97,97,True,True,False
chaining,"(294100345, 294100344)",1,Optimal,35,97,97,True,True,True
chaining,"(294100345, 294100348)",0,Optimal,35,97,97,True,True,False
chaining,"(294100345, 294100348)",1,Optimal,35,97,97,True,True,True
chaining,"(294100122, 296000100)",0,Optimal,35,97,97,True,True,False
chaining,"(294100122, 296000100)",1,Optimal,35,97,97,True,True,True
chaining,"(294100122, 294400173)",0,Optimal,35,97,97,True,True,False
chaining,"(294100122, 294400173)",1,Optimal,35,97,97,True,True,True
chaining,"(294100122, 200000229)",0,Optimal,35,97,97,True,True,False
chaining,"(294100122, 200000229)",1,Optimal,35,97,97,True,True,True
chaining,"(294100122, 294400182)",0,Optimal,35,97,97,True,True,False
chaining,"(294100122, 294400182)",1,Optimal,35,97,97,True,True,True
chaining,"(294100122, 296200626)",0,Optimal,35,97,97,True,True,False
chaining,"(294100122, 296200626)",1,Optimal,35,97,97,True,True,True
chaining,"(294100122, 296200624)",0,Optimal,35,97,97,True,True,False
chaining,"(294100122, 296200624)",1,Optimal,35,97,97,True,True,True
chaining,"(294100122, 296200099)",0,Optimal,35,97,97,True,True,False
chaining,"(294100122, 296200099)",1,Optimal,35,97,97,True,True,True
chaining,"(294100122, 296200096)",0,Optimal,35,97,97,True,True,False
chaining,"(294100122, 296200096)",1,Optimal,35,97,97,True,True,True
chaining,"(294100122, 200000382)",0,Optimal,35,97,97,True,True,False
chaining,"(294100122, 200000382)",1,Optimal,35,97,97,True,True,True
chaining,"(294100122, 294100344)",0,Optimal,35,97,97,True,True,False
chaining,"(294100122, 294100344)",1,Optimal,35,97,97,True,True,True
chaining,"(294100122, 294100348)",0,Optimal,35,97,97,True,True,False
chaining,"(294100122, 294100348)",1,Optimal,35,97,97,True,True,True
chaining,"(294100122, 294100352)",0,Optimal,35,97,97,True,True,False
chaining,"(294100122, 294100352)",1,Optimal,36,96,96,False,False,True
chaining,"(294100122, 295800463)",0,Optimal,35,97,97,True,True,False
chaining,"(294100122, 295800463)",1,Optimal,35,97,97,True,True,True
chaining,"(294100122, 295800464)",0,Optimal,35,97,97,True,True,False
chaining,"(294100122, 295800464)",1,Optimal,35,97,97,True,True,True
chaining,"(294100122, 295200225)",0,Optimal,35,97,97,True,True,False
chaining,"(294100122, 295200225)",1,Optimal,35,97,97,True,True,True
chaining,"(294100122, 200090308)",0,Optimal,35,97,97,True,True,False
chaining,"(294100122, 200090308)",1,Optimal,35,97,97,True,True,True
chaining,"(294100122, 200000221)",0,Optimal,35,97,97,True,True,False
chaining,"(294100122, 200000221)",1,Optimal,35,97,97,True,True,True
chaining,"(294100122, 294400189)",0,Optimal,35,97,97,True,True,False
chaining,"(294100122, 294400189)",1,Optimal,35,97,97,True,True,True
chaining,"(294100122, 200090225)",0,Optimal,35,97,97,True,True,False
chaining,"(294100122, 200090225)",1,Optimal,35,97,97,True,True,True
chaining,"(294100122, 200000026)",0,Optimal,35,97,97,True,True,False
chaining,"(294100122, 200000026)",1,Optimal,36,96,96,False,False,True
chaining,"(294100122, 296200093)",0,Optimal,35,97,97,True,True,False
chaining,"(294100122, 296200093)",1,Optimal,35,97,97,True,True,True
chaining,"(294100122, 296200088)",0,Optimal,35,97,97,True,True,False
chaining,"(294100122, 296200088)",1,Optimal,35,97,97,True,True,True
chaining,"(294100122, 200090682)",0,Optimal,35,97,97,True,True,False
chaining,"(294100122, 200090682)",1,Optimal,35,97,97,True,True,True
chaining,"(294100122, 296200102)",0,Optimal,35,97,97,True,True,False
chaining,"(294100122, 296200102)",1,Optimal,35,97,97,True,True,True
chaining,"(294100122, 294100328)",0,Optimal,35,97,97,True,True,False
chaining,"(294100122, 294100328)",1,Optimal,35,97,97,True,True,True
chaining,"(294100122, 295200253)",0,Optimal,35,97,97,True,True,False
chaining,"(294100122, 295200253)",1,Optimal,35,97,97,True,True,True
chaining,"(294100122, 200000336)",0,Optimal,35,97,97,True,True,False
chaining,"(294100122, 200000336)",1,Optimal,35,97,97,True,True,True
chaining,"(294100122, 200090340)",0,Optimal,35,97,97,True,True,False
chaining,"(294100122, 200090340)",1,Optimal,35,97,97,True,True,True
chaining,"(294200134, 294100147)",0,Optimal,35,97,97,True,True,False
chaining,"(294200134, 294100147)",1,Optimal,36,96,96,False,False,True
chaining,"(294200134, 294200154)",0,Optimal,35,97,97,True,True,False
chaining,"(294200134, 294200154)",1,Optimal,36,96,96,False,False,True
chaining,"(294200134, 294100127)",0,Optimal,36,96,96,False,False,True
chaining,"(294200134, 294100127)",1,Optimal,35,97,97,True,True,False
chaining,"(294100147, 200000026)",0,Optimal,35,97,97,True,True,False
chaining,"(294100147, 200000026)",1,Optimal,35,97,97,True,True,True
chaining,"(294100122, 296200101)",0,Optimal,35,97,97,True,True,False
chaining,"(294100122, 296200101)",1,Optimal,35,97,97,True,True,True
chaining,"(294100122, 200090402)",0,Optimal,35,97,97,True,True,False
chaining,"(294100122, 200090402)",1,Optimal,35,97,97,True,True,True
chaining,"(294100122, 295800465)",0,Optimal,35,97,97,True,True,False
chaining,"(294100122, 295800465)",1,Optimal,35,97,97,True,True,True
chaining,"(294100122, 200090404)",0,Optimal,35,97,97,True,True,False
chaining,"(294100122, 200090404)",1,Optimal,35,97,97,True,True,True
chaining,"(294100122, 295200233)",0,Optimal,35,97,97,True,True,False
chaining,"(294100122, 295200233)",1,Optimal,35,97,97,True,True,True
chaining,"(294100122, 294100316)",0,Optimal,35,97,97,True,True,True
chaining,"(294100122, 294100316)",1,Optimal,35,97,97,True,True,False
chaining,"(294100122, 295200241)",0,Optimal,35,97,97,True,True,False
chaining,"(294100122, 295200241)",1,Optimal,35,97,97,True,True,True
chaining,"(294100122, 295201004)",0,Optimal,35,97,97,True,True,False
chaining,"(294100122, 295201004)",1,Optimal,35,97,97,True,True,True
chaining,"(294100122, 295200235)",0,Optimal,35,97,97,True,True,False
chaining,"(294100122, 295200235)",1,Optimal,36,96,96,False,False,True
chaining,"(294100122, 294200141)",0,Optimal,35,97,97,True,True,False
chaining,"(294100122, 294200141)",1,Optimal,35,97,97,True,True,True
chaining,"(294100122, 294200138)",0,Optimal,35,97,97,True,True,False
chaining,"(294100122, 294200138)",1,Optimal,35,97,97,True,True,True
chaining,"(294100122, 294200175)",0,Optimal,35,97,97,True,True,False
chaining,"(294100122, 294200175)",1,Optimal,35,97,97,True,True,True
chaining,"(294100122, 200090123)",0,Optimal,35,97,97,True,True,False
chaining,"(294100122, 200090123)",1,Optimal,35,97,97,True,True,True
chaining,"(294100122, 200000121)",0,Optimal,35,97,97,True,True,False
chaining,"(294100122, 200000121)",1,Optimal,35,97,97,True,True,True
chaining,"(294100122, 294200147)",0,Optimal,35,97,97,True,True,False
chaining,"(294100122, 294200147)",1,Optimal,35,97,97,True,True,True
chaining,"(294100122, 294200133)",0,Optimal,35,97,97,True,True,False
chaining,"(294100122, 294200133)",1,Optimal,35,97,97,True,True,True
chaining,"(294200148, 295800464)",0,Optimal,35,97,97,True,True,False
chaining,"(294200148, 295800464)",1,Optimal,35,97,97,True,True,True
chaining,"(294200148, 294100344)",0,Optimal,35,97,97,True,True,False
chaining,"(294200148, 294100344)",1,Optimal,35,97,97,True,True,True
chaining,"(294200148, 294100348)",0,Optimal,35,97,97,True,True,False
chaining,"(294200148, 294100348)",1,Optimal,35,97,97,True,True,True
chaining,"(294200148, 294100352)",0,Optimal,35,97,97,True,True,False
chaining,"(294200148, 294100352)",1,Optimal,36,96,96,False,False,True
chaining,"(294100132, 294100344)",0,Optimal,35,97,97,True,True,False
chaining,"(294100132, 294100344)",1,Optimal,35,97,97,True,True,True
chaining,"(294100132, 294100348)",0,Optimal,35,97,97,True,True,False
chaining,"(294100132, 294100348)",1,Optimal,35,97,97,True,True,True
chaining,"(294100132, 294100352)",0,Optimal,35,97,97,True,True,False
chaining,"(294100132, 294100352)",1,Optimal,36,96,96,False,False,True
chaining,"(294100132, 295200235)",0,Optimal,35,97,97,True,True,False
chaining,"(294100132, 295200235)",1,Optimal,36,96,96,False,False,True
chaining,"(294100147, 294100352)",0,Optimal,35,97,97,True,True,False
chaining,"(294100147, 294100352)",1,Optimal,35,97,97,True,True,True
chaining,"(294100147, 295200235)",0,Optimal,35,97,97,True,True,False
chaining,"(294100147, 295200235)",1,Optimal,35,97,97,True,True,True
chaining,"(294200148, 296000105)",0,Optimal,35,97,97,True,True,False
chaining,"(294200148, 296000105)",1,Optimal,35,97,97,True,True,True
chaining,"(294200148, 294400189)",0,Optimal,35,97,97,True,True,True
chaining,"(294200148, 294400189)",1,Optimal,35,97,97,True,True,False
chaining,"(294100132, 296000105)",0,Optimal,35,97,97,True,True,True
chaining,"(294100132, 296000105)",1,Optimal,35,97,97,True,True,False
chaining,"(294100132, 294400189)",0,Optimal,35,97,97,True,True,False
chaining,"(294100132, 294400189)",1,Optimal,35,97,97,True,True,True
chaining,"(294100132, 200090225)",0,Optimal,35,97,97,True,True,False
chaining,"(294100132, 200090225)",1,Optimal,35,97,97,True,True,True
chaining,"(294100132, 200000026)",0,Optimal,35,97,97,True,True,False
chaining,"(294100132, 200000026)",1,Optimal,36,96,96,False,False,True
chaining,"(294200154, 200000026)",0,Optimal,35,97,97,True,True,False
chaining,"(294200154, 200000026)",1,Optimal,36,96,96,False,False,True
chaining,"(294200154, 296200626)",0,Optimal,35,97,97,True,True,False
chaining,"(294200154, 296200626)",1,Optimal,35,97,97,True,True,True
chaining,"(294200154, 296200624)",0,Optimal,35,97,97,True,True,False
chaining,"(294200154, 296200624)",1,Optimal,35,97,97,True,True,True
chaining,"(294200154, 296200099)",0,Optimal,35,97,97,True,True,False
chaining,"(294200154, 296200099)",1,Optimal,35,97,97,True,True,True
chaining,"(294200148, 200090225)",0,Optimal,35,97,97,True,True,False
chaining,"(294200148, 200090225)",1,Optimal,35,97,97,True,True,True
chaining,"(294200148, 200000026)",0,Optimal,35,97,97,True,True,False
chaining,"(294200148, 200000026)",1,Optimal,36,96,96,False,False,True
chaining,"(294200148, 296200626)",0,Optimal,35,97,97,True,True,False
chaining,"(294200148, 296200626)",1,Optimal,35,97,97,True,True,True
chaining,"(294200148, 295800463)",0,Optimal,35,97,97,True,True,False
chaining,"(294200148, 295800463)",1,Optimal,35,97,97,True,True,True
chaining,"(294200148, 295200235)",0,Optimal,35,97,97,True,True,False
chaining,"(294200148, 295200235)",1,Optimal,36,96,96,False,False,True
chaining,"(294200148, 294200141)",0,Optimal,35,97,97,True,True,False
chaining,"(294200148, 294200141)",1,Optimal,35,97,97,True,True,True
chaining,"(294200148, 294200138)",0,Optimal,35,97,97,True,True,False
chaining,"(294200148, 294200138)",1,Optimal,35,97,97,True,True,True
chaining,"(200000121, 294100147)",0,Optimal,36,96,96,False,False,True
chaining,"(200000121, 294100147)",1,Optimal,35,97,97,True,True,False
chaining,"(294200154, 296000091)",0,Optimal,35,97,97,True,True,False
chaining,"(294200154, 296000091)",1,Optimal,35,97,97,True,True,True
chaining,"(294200154, 296000097)",0,Optimal,35,97,97,True,True,False
chaining,"(294200154, 296000097)",1,Optimal,35,97,97,True,True,True
chaining,"(294200154, 294300215)",0,Optimal,35,97,97,True,True,False
chaining,"(294200154, 294300215)",1,Optimal,35,97,97,True,True,True
chaining,"(294200154, 294300217)",0,Optimal,35,97,97,True,True,False
chaining,"(294200154, 294300217)",1,Optimal,35,97,97,True,True,True
chaining,"(294100132, 296200626)",0,Optimal,35,97,97,True,True,False
chaining,"(294100132, 296200626)",1,Optimal,35,97,97,True,True,True
chaining,"(294100132, 295800463)",0,Optimal,35,97,97,True,True,False
chaining,"(294100132, 295800463)",1,Optimal,35,97,97,True,True,True
chaining,"(294100132, 295800464)",0,Optimal,35,97,97,True,True,False
chaining,"(294100132, 295800464)",1,Optimal,35,97,97,True,True,True
chaining,"(294100132, 200000382)",0,Optimal,35,97,97,True,True,False
chaining,"(294100132, 200000382)",1,Optimal,35,97,97,True,True,True
chaining,"(294100132, 294200141)",0,Optimal,35,97,97,True,True,False
chaining,"(294100132, 294200141)",1,Optimal,35,97,97,True,True,True
chaining,"(294100132, 294200138)",0,Optimal,35,97,97,True,True,False
chaining,"(294100132, 294200138)",1,Optimal,35,97,97,True,True,True
chaining,"(294200147, 294200148)",0,Optimal,36,96,96,False,False,True
chaining,"(294200147, 294200148)",1,Optimal,35,97,97,True,True,False
chaining,"(294200154, 296000105)",0,Optimal,35,97,97,True,True,False
chaining,"(294200154, 296000105)",1,Optimal,35,97,97,True,True,True
chaining,"(294200154, 296200096)",0,Optimal,35,97,97,True,True,False
chaining,"(294200154, 296200096)",1,Optimal,35,97,97,True,True,True
chaining,"(294200154, 296200093)",0,Optimal,35,97,97,True,True,False
chaining,"(294200154, 296200093)",1,Optimal,35,97,97,True,True,True
chaining,"(294200154, 295800465)",0,Optimal,35,97,97,True,True,False
chaining,"(294200154, 295800465)",1,Optimal,35,97,97,True,True,True
chaining,"(294200154, 200090404)",0,Optimal,35,97,97,True,True,False
chaining,"(294200154, 200090404)",1,Optimal,35,97,97,True,True,True
chaining,"(294200154, 294100348)",0,Optimal,35,97,97,True,True,False
chaining,"(294200154, 294100348)",1,Optimal,35,97,97,True,True,True
chaining,"(294200154, 294100352)",0,Optimal,35,97,97,True,True,False
chaining,"(294200154, 294100352)",1,Optimal,36,96,96,False,False,True
chaining,"(294200154, 295200235)",0,Optimal,35,97,97,True,True,False
chaining,"(294200154, 295200235)",1,Optimal,36,96,96,False,False,True
chaining,"(294200154, 294200141)",0,Optimal,35,97,97,True,True,False
chaining,"(294200154, 294200141)",1,Optimal,35,97,97,True,True,True
chaining,"(294100127, 294100328)",0,Optimal,35,97,97,True,True,False
chaining,"(294100127, 294100328)",1,Optimal,35,97,97,True,True,True
chaining,"(294100127, 295200253)",0,Optimal,35,97,97,True,True,False
chaining,"(294100127, 295200253)",1,Optimal,35,97,97,True,True,True
chaining,"(294100127, 200000336)",0,Optimal,35,97,97,True,True,False
chaining,"(294100127, 200000336)",1,Optimal,35,97,97,True,True,True
chaining,"(294100127, 200090340)",0,Optimal,35,97,97,True,True,False
chaining,"(294100127, 200090340)",1,Optimal,35,97,97,True,True,True
chaining,"(294200154, 200000336)",0,Optimal,35,97,97,True,True,False
chaining,"(294200154, 200000336)",1,Optimal,35,97,97,True,True,True
chaining,"(294200154, 200090340)",0,Optimal,35,97,97,True,True,False
chaining,"(294200154, 200090340)",1,Optimal,35,97,97,True,True,True
chaining,"(294200154, 200000382)",0,Optimal,35,97,97,True,True,False
chaining,"(294200154, 200000382)",1,Optimal,35,97,97,True,True,True
chaining,"(294200154, 294100344)",0,Optimal,35,97,97,True,True,False
chaining,"(294200154, 294100344)",1,Optimal,35,97,97,True,True,True
chaining,"(294200154, 295800463)",0,Optimal,35,97,97,True,True,False
chaining,"(294200154, 295800463)",1,Optimal,35,97,97,True,True,True
chaining,"(294200154, 295800464)",0,Optimal,35,97,97,True,True,False
chaining,"(294200154, 295800464)",1,Optimal,35,97,97,True,True,True
chaining,"(294200154, 294100328)",0,Optimal,35,97,97,True,True,False
chaining,"(294200154, 294100328)",1,Optimal,35,97,97,True,True,True
chaining,"(294200154, 295200253)",0,Optimal,35,97,97,True,True,False
chaining,"(294200154, 295200253)",1,Optimal,35,97,97,True,True,True
chaining,"(294200154, 294200138)",0,Optimal,35,97,97,True,True,False
chaining,"(294200154, 294200138)",1,Optimal,35,97,97,True,True,True
chaining,"(294200154, 294200175)",0,Optimal,35,97,97,True,True,False
chaining,"(294200154, 294200175)",1,Optimal,35,97,97,True,True,True
chaining,"(294200154, 200090123)",0,Optimal,35,97,97,True,True,False
chaining,"(294200154, 200090123)",1,Optimal,35,97,97,True,True,True
chaining,"(294200154, 200000121)",0,Optimal,35,97,97,True,True,False
chaining,"(294200154, 200000121)",1,Optimal,35,97,97,True,True,True
chaining,"(294200154, 200090219)",0,Optimal,35,97,97,True,True,True
chaining,"(294200154, 200090219)",1,Optimal,35,97,97,True,True,False
chaining,"(294200154, 200000221)",0,Optimal,35,97,97,True,True,False
chaining,"(294200154, 200000221)",1,Optimal,35,97,97,True,True,True
chaining,"(294200154, 294400189)",0,Optimal,35,97,97,True,True,False
chaining,"(294200154, 294400189)",1,Optimal,35,97,97,True,True,True
chaining,"(294200154, 200090225)",0,Optimal,35,97,97,True,True,False
chaining,"(294200154, 200090225)",1,Optimal,35,97,97,True,True,True
chaining,"(294100127, 200090123)",0,Optimal,35,97,97,True,True,False
chaining,"(294100127, 200090123)",1,Optimal,35,97,97,True,True,True
chaining,"(294100127, 200000121)",0,Optimal,35,97,97,True,True,False
chaining,"(294100127, 200000121)",1,Optimal,35,97,97,True,True,True
chaining,"(294200133, 294100147)",0,Optimal,35,97,97,True,True,False
chaining,"(294200133, 294100147)",1,Optimal,36,96,96,False,False,True
chaining,"(294200133, 294200154)",0,Optimal,36,96,96,False,False,True
chaining,"(294200133, 294200154)",1,Optimal,35,97,97,True,True,False
chaining,"(294100127, 296000105)",0,Optimal,35,97,97,True,True,False
chaining,"(294100127, 296000105)",1,Optimal,35,97,97,True,True,True
chaining,"(294100127, 200090702)",0,Optimal,35,97,97,True,True,False
chaining,"(294100127, 200090702)",1,Optimal,35,97,97,True,True,True
chaining,"(294100127, 296000091)",0,Optimal,35,97,97,True,True,False
chaining,"(294100127, 296000091)",1,Optimal,35,97,97,True,True,True
chaining,"(294100127, 296000097)",0,Optimal,35,97,97,True,True,False
chaining,"(294100127, 296000097)",1,Optimal,35,97,97,True,True,True
chaining,"(294100127, 200000221)",0,Optimal,35,97,97,True,True,False
chaining,"(294100127, 200000221)",1,Optimal,35,97,97,True,True,True
chaining,"(294100127, 294400189)",0,Optimal,35,97,97,True,True,False
chaining,"(294100127, 294400189)",1,Optimal,35,97,97,True,True,True
chaining,"(294100127, 200090225)",0,Optimal,35,97,97,True,True,False
chaining,"(294100127, 200090225)",1,Optimal,35,97,97,True,True,True
chaining,"(294100127, 200000026)",0,Optimal,35,97,97,True,True,False
chaining,"(294100127, 200000026)",1,Optimal,36,96,96,False,False,True
chaining,"(294100123, 294300215)",0,Optimal,35,97,97,True,True,False
chaining,"(294100123, 294300215)",1,Optimal,35,97,97,True,True,True
chaining,"(294100123, 294300217)",0,Optimal,35,97,97,True,True,False
chaining,"(294100123, 294300217)",1,Optimal,35,97,97,True,True,True
chaining,"(294100123, 200090219)",0,Optimal,35,97,97,True,True,False
chaining,"(294100123, 200090219)",1,Optimal,35,97,97,True,True,True
chaining,"(294100123, 200000221)",0,Optimal,35,97,97,True,True,False
chaining,"(294100123, 200000221)",1,Optimal,35,97,97,True,True,True
chaining,"(294100127, 294300211)",0,Optimal,35,97,97,True,True,True
chaining,"(294100127, 294300211)",1,Optimal,35,97,97,True,True,False
chaining,"(294100127, 294300215)",0,Optimal,35,97,97,True,True,False
chaining,"(294100127, 294300215)",1,Optimal,35,97,97,True,True,True
chaining,"(294100127, 294300217)",0,Optimal,35,97,97,True,True,False
chaining,"(294100127, 294300217)",1,Optimal,35,97,97,True,True,True
chaining,"(294100127, 200090219)",0,Optimal,35,97,97,True,True,False
chaining,"(294100127, 200090219)",1,Optimal,35,97,97,True,True,True
chaining,"(294100127, 295800463)",0,Optimal,35,97,97,True,True,False
chaining,"(294100127, 295800463)",1,Optimal,35,97,97,True,True,True
chaining,"(294100127, 295800464)",0,Optimal,35,97,97,True,True,False
chaining,"(294100127, 295800464)",1,Optimal,35,97,97,True,True,True
chaining,"(294100127, 295200241)",0,Optimal,35,97,97,True,True,False
chaining,"(294100127, 295200241)",1,Optimal,35,97,97,True,True,True
chaining,"(294100127, 295201004)",0,Optimal,35,97,97,True,True,False
chaining,"(294100127, 295201004)",1,Optimal,35,97,97,True,True,True
chaining,"(294100127, 295200235)",0,Optimal,35,97,97,True,True,False
chaining,"(294100127, 295200235)",1,Optimal,36,96,96,False,False,True
chaining,"(294100127, 294200141)",0,Optimal,35,97,97,True,True,False
chaining,"(294100127, 294200141)",1,Optimal,35,97,97,True,True,True
chaining,"(294100127, 294200138)",0,Optimal,35,97,97,True,True,False
chaining,"(294100127, 294200138)",1,Optimal,35,97,97,True,True,True
chaining,"(294100127, 294200175)",0,Optimal,35,97,97,True,True,False
chaining,"(294100127, 294200175)",1,Optimal,35,97,97,True,True,True
chaining,"(294100127, 296200093)",0,Optimal,35,97,97,True,True,False
chaining,"(294100127, 296200093)",1,Optimal,35,97,97,True,True,True
chaining,"(294100127, 296200088)",0,Optimal,35,97,97,True,True,False
chaining,"(294100127, 296200088)",1,Optimal,35,97,97,True,True,True
chaining,"(294100127, 295800465)",0,Optimal,35,97,97,True,True,False
chaining,"(294100127, 295800465)",1,Optimal,35,97,97,True,True,True
chaining,"(294100127, 200090404)",0,Optimal,35,97,97,True,True,False
chaining,"(294100127, 200090404)",1,Optimal,35,97,97,True,True,True
chaining,"(294100127, 200000382)",0,Optimal,35,97,97,True,True,False
chaining,"(294100127, 200000382)",1,Optimal,35,97,97,True,True,True
chaining,"(294100127, 294100344)",0,Optimal,35,97,97,True,True,False
chaining,"(294100127, 294100344)",1,Optimal,35,97,97,True,True,True
chaining,"(294100127, 294100348)",0,Optimal,35,97,97,True,True,False
chaining,"(294100127, 294100348)",1,Optimal,35,97,97,True,True,True
chaining,"(294100127, 294100352)",0,Optimal,35,97,97,True,True,False
chaining,"(294100127, 294100352)",1,Optimal,36,96,96,False,False,True
chaining,"(294100127, 296200626)",0,Optimal,35,97,97,True,True,False
chaining,"(294100127, 296200626)",1,Optimal,35,97,97,True,True,True
chaining,"(294100127, 296200624)",0,Optimal,35,97,97,True,True,False
chaining,"(294100127, 296200624)",1,Optimal,35,97,97,True,True,True
chaining,"(294100127, 296200099)",0,Optimal,35,97,97,True,True,False
chaining,"(294100127, 296200099)",1,Optimal,35,97,97,True,True,True
chaining,"(294100127, 296200096)",0,Optimal,35,97,97,True,True,False
chaining,"(294100127, 296200096)",1,Optimal,35,97,97,True,True,True
chaining,"(294100123, 296000100)",0,Optimal,35,97,97,True,True,False
chaining,"(294100123, 296000100)",1,Optimal,35,97,97,True,True,True
chaining,"(294100123, 200000229)",0,Optimal,35,97,97,True,True,False
chaining,"(294100123, 200000229)",1,Optimal,35,97,97,True,True,True
chaining,"(294100123, 294400182)",0,Optimal,35,97,97,True,True,False
chaining,"(294100123, 294400182)",1,Optimal,35,97,97,True,True,True
chaining,"(294100123, 294300211)",0,Optimal,35,97,97,True,True,False
chaining,"(294100123, 294300211)",1,Optimal,35,97,97,True,True,True
chaining,"(294100123, 294400189)",0,Optimal,35,97,97,True,True,False
chaining,"(294100123, 294400189)",1,Optimal,35,97,97,True,True,True
chaining,"(294100123, 200090225)",0,Optimal,35,97,97,True,True,False
chaining,"(294100123, 200090225)",1,Optimal,35,97,97,True,True,True
chaining,"(294100123, 200000026)",0,Optimal,35,97,97,True,True,False
chaining,"(294100123, 200000026)",1,Optimal,36,96,96,False,False,True
chaining,"(294100123, 296200626)",0,Optimal,35,97,97,True,True,False
chaining,"(294100123, 296200626)",1,Optimal,35,97,97,True,True,True
chaining,"(294100123, 296000105)",0,Optimal,35,97,97,True,True,False
chaining,"(294100123, 296000105)",1,Optimal,35,97,97,True,True,True
chaining,"(294100123, 200090702)",0,Optimal,35,97,97,True,True,False
chaining,"(294100123, 200090702)",1,Optimal,35,97,97,True,True,True
chaining,"(294100123, 296000091)",0,Optimal,35,97,97,True,True,False
chaining,"(294100123, 296000091)",1,Optimal,35,97,97,True,True,True
chaining,"(294100123, 296000097)",0,Optimal,35,97,97,True,True,False
chaining,"(294100123, 296000097)",1,Optimal,35,97,97,True,True,True
chaining,"(294100123, 296200088)",0,Optimal,35,97,97,True,True,False
chaining,"(294100123, 296200088)",1,Optimal,35,97,97,True,True,True
chaining,"(294100123, 200090682)",0,Optimal,35,97,97,True,True,False
chaining,"(294100123, 200090682)",1,Optimal,35,97,97,True,True,True
chaining,"(294100123, 296200102)",0,Optimal,35,97,97,True,True,False
chaining,"(294100123, 296200102)",1,Optimal,35,97,97,True,True,True
chaining,"(294100123, 200090402)",0,Optimal,35,97,97,True,True,False
chaining,"(294100123, 200090402)",1,Optimal,35,97,97,True,True,True
chaining,"(294100123, 295201004)",0,Optimal,35,97,97,True,True,False
chaining,"(294100123, 295201004)",1,Optimal,35,97,97,True,True,True
chaining,"(294100123, 294100328)",0,Optimal,35,97,97,True,True,False
chaining,"(294100123, 294100328)",1,Optimal,35,97,97,True,True,True
chaining,"(294100123, 295200253)",0,Optimal,35,97,97,True,True,False
chaining,"(294100123, 295200253)",1,Optimal,35,97,97,True,True,True
chaining,"(294100123, 200000336)",0,Optimal,35,97,97,True,True,False
chaining,"(294100123, 200000336)",1,Optimal,35,97,97,True,True,True
chaining,"(294100123, 295800465)",0,Optimal,35,97,97,True,True,False
chaining,"(294100123, 295800465)",1,Optimal,35,97,97,True,True,True
chaining,"(294100123, 200090404)",0,Optimal,35,97,97,True,True,False
chaining,"(294100123, 200090404)",1,Optimal,35,97,97,True,True,True
chaining,"(294100123, 295800463)",0,Optimal,35,97,97,True,True,False
chaining,"(294100123, 295800463)",1,Optimal,35,97,97,True,True,True
chaining,"(294100123, 295800464)",0,Optimal,35,97,97,True,True,False
chaining,"(294100123, 295800464)",1,Optimal,35,97,97,True,True,True
chaining,"(294100123, 294200133)",0,Optimal,35,97,97,True,True,True
chaining,"(294100123, 294200133)",1,Optimal,35,97,97,True,True,False
chaining,"(200090106, 296000105)",0,Optimal,35,97,97,True,True,False
chaining,"(200090106, 296000105)",1,Optimal,35,97,97,True,True,True
chaining,"(200090106, 200090702)",0,Optimal,35,97,97,True,True,False
chaining,"(200090106, 200090702)",1,Optimal,35,97,97,True,True,True
chaining,"(200090106, 296000091)",0,Optimal,35,97,97,True,True,False
chaining,"(200090106, 296000091)",1,Optimal,35,97,97,True,True,True
chaining,"(294100123, 200090308)",0,Optimal,35,97,97,True,True,False
chaining,"(294100123, 200090308)",1,Optimal,35,97,97,True,True,True
chaining,"(294100123, 295200233)",0,Optimal,35,97,97,True,True,False
chaining,"(294100123, 295200233)",1,Optimal,35,97,97,True,True,True
chaining,"(294100123, 294100316)",0,Optimal,35,97,97,True,True,False
chaining,"(294100123, 294100316)",1,Optimal,35,97,97,True,True,True
chaining,"(294100123, 295200241)",0,Optimal,35,97,97,True,True,False
chaining,"(294100123, 295200241)",1,Optimal,35,97,97,True,True,True
chaining,"(200090106, 294300211)",0,Optimal,35,97,97,True,True,False
chaining,"(200090106, 294300211)",1,Optimal,35,97,97,True,True,True
chaining,"(200090106, 294300215)",0,Optimal,35,97,97,True,True,False
chaining,"(200090106, 294300215)",1,Optimal,35,97,97,True,True,True
chaining,"(200090106, 294300217)",0,Optimal,35,97,97,True,True,False
chaining,"(200090106, 294300217)",1,Optimal,35,97,97,True,True,True
chaining,"(200090106, 200090219)",0,Optimal,35,97,97,True,True,False
chaining,"(200090106, 200090219)",1,Optimal,35,97,97,True,True,True
chaining,"(294100123, 296200624)",0,Optimal,35,97,97,True,True,False
chaining,"(294100123, 296200624)",1,Optimal,35,97,97,True,True,True
chaining,"(294100123, 296200099)",0,Optimal,35,97,97,True,True,False
chaining,"(294100123, 296200099)",1,Optimal,35,97,97,True,True,True
chaining,"(294100123, 296200096)",0,Optimal,35,97,97,True,True,False
chaining,"(294100123, 296200096)",1,Optimal,35,97,97,True,True,True
chaining,"(294100123, 296200093)",0,Optimal,35,97,97,True,True,False
chaining,"(294100123, 296200093)",1,Optimal,35,97,97,True,True,True
chaining,"(294100123, 200090340)",0,Optimal,35,97,97,True,True,False
chaining,"(294100123, 200090340)",1,Optimal,35,97,97,True,True,True
chaining,"(294100123, 200000382)",0,Optimal,35,97,97,True,True,False
chaining,"(294100123, 200000382)",1,Optimal,35,97,97,True,True,True
chaining,"(294100123, 294100344)",0,Optimal,35,97,97,True,True,False
chaining,"(294100123, 294100344)",1,Optimal,35,97,97,True,True,True
chaining,"(294100123, 294100348)",0,Optimal,35,97,97,True,True,False
chaining,"(294100123, 294100348)",1,Optimal,35,97,97,True,True,True
chaining,"(294100123, 294100352)",0,Optimal,35,97,97,True,True,False
chaining,"(294100123, 294100352)",1,Optimal,36,96,96,False,False,True
chaining,"(294100123, 295200235)",0,Optimal,35,97,97,True,True,False
chaining,"(294100123, 295200235)",1,Optimal,36,96,96,False,False,True
chaining,"(294100123, 294200141)",0,Optimal,35,97,97,True,True,False
chaining,"(294100123, 294200141)",1,Optimal,35,97,97,True,True,True
chaining,"(294100123, 294200138)",0,Optimal,35,97,97,True,True,False
chaining,"(294100123, 294200138)",1,Optimal,35,97,97,True,True,True
chaining,"(200090106, 200000221)",0,Optimal,35,97,97,True,True,False
chaining,"(200090106, 200000221)",1,Optimal,35,97,97,True,True,True
chaining,"(200090106, 294400189)",0,Optimal,35,97,97,True,True,False
chaining,"(200090106, 294400189)",1,Optimal,35,97,97,True,True,True
chaining,"(200090106, 200090225)",0,Optimal,35,97,97,True,True,False
chaining,"(200090106, 200090225)",1,Optimal,35,97,97,True,True,True
chaining,"(200090106, 200000026)",0,Optimal,35,97,97,True,True,False
chaining,"(200090106, 200000026)",1,Optimal,36,96,96,False,False,True
chaining,"(294100123, 294200175)",0,Optimal,35,97,97,True,True,False
chaining,"(294100123, 294200175)",1,Optimal,35,97,97,True,True,True
chaining,"(294100123, 200090123)",0,Optimal,35,97,97,True,True,False
chaining,"(294100123, 200090123)",1,Optimal,35,97,97,True,True,True
chaining,"(294100123, 200000121)",0,Optimal,35,97,97,True,True,False
chaining,"(294100123, 200000121)",1,Optimal,35,97,97,True,True,True
chaining,"(294100123, 294200147)",0,Optimal,35,97,97,True,True,False
chaining,"(294100123, 294200147)",1,Optimal,35,97,97,True,True,True
chaining,"(200090106, 296000097)",0,Optimal,35,97,97,True,True,False
chaining,"(200090106, 296000097)",1,Optimal,35,97,97,True,True,True
chaining,"(200090106, 296000100)",0,Optimal,35,97,97,True,True,False
chaining,"(200090106, 296000100)",1,Optimal,35,97,97,True,True,True
chaining,"(200090106, 200000229)",0,Optimal,35,97,97,True,True,False
chaining,"(200090106, 200000229)",1,Optimal,35,97,97,True,True,True
chaining,"(200090106, 294400182)",0,Optimal,35,97,97,True,True,False
chaining,"(200090106, 294400182)",1,Optimal,35,97,97,True,True,True
chaining,"(200090106, 296200626)",0,Optimal,35,97,97,True,True,False
chaining,"(200090106, 296200626)",1,Optimal,35,97,97,True,True,True
chaining,"(200090106, 296200624)",0,Optimal,35,97,97,True,True,False
chaining,"(200090106, 296200624)",1,Optimal,35,97,97,True,True,True
chaining,"(200090106, 296200099)",0,Optimal,35,97,97,True,True,False
chaining,"(200090106, 296200099)",1,Optimal,35,97,97,True,True,True
chaining,"(200090106, 296200096)",0,Optimal,35,97,97,True,True,False
chaining,"(200090106, 296200096)",1,Optimal,35,97,97,True,True,True
chaining,"(200090106, 295200235)",0,Optimal,35,97,97,True,True,False
chaining,"(200090106, 295200235)",1,Optimal,36,96,96,False,False,True
chaining,"(200090106, 294200141)",0,Optimal,35,97,97,True,True,False
chaining,"(200090106, 294200141)",1,Optimal,35,97,97,True,True,True
chaining,"(200090106, 294200138)",0,Optimal,35,97,97,True,True,False
chaining,"(200090106, 294200138)",1,Optimal,35,97,97,True,True,True
chaining,"(200090106, 294200175)",0,Optimal,35,97,97,True,True,False
chaining,"(200090106, 294200175)",1,Optimal,35,97,97,True,True,True
chaining,"(200090106, 295200233)",0,Optimal,35,97,97,True,True,False
chaining,"(200090106, 295200233)",1,Optimal,35,97,97,True,True,True
chaining,"(200090106, 294100316)",0,Optimal,35,97,97,True,True,False
chaining,"(200090106, 294100316)",1,Optimal,35,97,97,True,True,True
chaining,"(200090106, 295200241)",0,Optimal,35,97,97,True,True,False
chaining,"(200090106, 295200241)",1,Optimal,35,97,97,True,True,True
chaining,"(200090106, 295201004)",0,Optimal,35,97,97,True,True,False
chaining,"(200090106, 295201004)",1,Optimal,35,97,97,True,True,True
chaining,"(200090106, 296200093)",0,Optimal,35,97,97,True,True,False
chaining,"(200090106, 296200093)",1,Optimal,35,97,97,True,True,True
chaining,"(200090106, 296200088)",0,Optimal,35,97,97,True,True,True
chaining,"(200090106, 296200088)",1,Optimal,35,97,97,True,True,False
chaining,"(200090106, 200090682)",0,Optimal,35,97,97,True,True,False
chaining,"(200090106, 200090682)",1,Optimal,35,97,97,True,True,True
chaining,"(200090106, 200090402)",0,Optimal,35,97,97,True,True,False
chaining,"(200090106, 200090402)",1,Optimal,35,97,97,True,True,True
chaining,"(200090106, 294100328)",0,Optimal,35,97,97,True,True,False
chaining,"(200090106, 294100328)",1,Optimal,35,97,97,True,True,True
chaining,"(200090106, 295200253)",0,Optimal,35,97,97,True,True,False
chaining,"(200090106, 295200253)",1,Optimal,35,97,97,True,True,True
chaining,"(200090106, 200000336)",0,Optimal,35,97,97,True,True,False
chaining,"(200090106, 200000336)",1,Optimal,35,97,97,True,True,True
chaining,"(200090106, 200090340)",0,Optimal,35,97,97,True,True,False
chaining,"(200090106, 200090340)",1,Optimal,35,97,97,True,True,True
chaining,"(200090106, 200090123)",0,Optimal,35,97,97,True,True,False
chaining,"(200090106, 200090123)",1,Optimal,35,97,97,True,True,True
chaining,"(200090106, 200000121)",0,Optimal,35,97,97,True,True,False
chaining,"(200090106, 200000121)",1,Optimal,35,97,97,True,True,True
chaining,"(200090106, 294200147)",0,Optimal,35,97,97,True,True,False
chaining,"(200090106, 294200147)",1,Optimal,35,97,97,True,True,True
chaining,"(200090106, 295800465)",0,Optimal,35,97,97,True,True,False
chaining,"(200090106, 295800465)",1,Optimal,35,97,97,True,True,True
chaining,"(200090106, 200090404)",0,Optimal,35,97,97,True,True,False
chaining,"(200090106, 200090404)",1,Optimal,35,97,97,True,True,True
chaining,"(200090106, 295800463)",0,Optimal,35,97,97,True,True,False
chaining,"(200090106, 295800463)",1,Optimal,35,97,97,True,True,True
chaining,"(200090106, 295800464)",0,Optimal,35,97,97,True,True,False
chaining,"(200090106, 295800464)",1,Optimal,35,97,97,True,True,True
chaining,"(200090106, 200000382)",0,Optimal,35,97,97,True,True,False
chaining,"(200090106, 200000382)",1,Optimal,35,97,97,True,True,True
chaining,"(200090106, 294100344)",0,Optimal,35,97,97,True,True,False
chaining,"(200090106, 294100344)",1,Optimal,35,97,97,True,True,True
chaining,"(200090106, 294100348)",0,Optimal,35,97,97,True,True,False
chaining,"(200090106, 294100348)",1,Optimal,35,97,97,True,True,True
chaining,"(200090106, 294100352)",0,Optimal,35,97,97,True,True,False
chaining,"(200090106, 294100352)",1,Optimal,36,96,96,False,False,True
